File Name,Peptide Note,Precursor Charge,Total Area MS1
20180206_IRT_CellLineComp_01.raw,H3.3: K27ac K36me1,2,0
20180206_IRT_CellLineComp_02.raw,H3.3: K27ac K36me1,2,0
20180206_IRT_CellLineComp_03.raw,H3.3: K27ac K36me1,2,0
20180206_IRT_CellLineComp_04.raw,H3.3: K27ac K36me1,2,0
20180206_IRT_CellLineComp_06.raw,H3.3: K27ac K36me1,2,0
20180206_IRT_CellLineComp_07.raw,H3.3: K27ac K36me1,2,0
20180206_IRT_CellLineComp_08.raw,H3.3: K27ac K36me1,2,0
20180206_IRT_CellLineComp_09.raw,H3.3: K27ac K36me1,2,0
20180206_IRT_CellLineComp_11.raw,H3.3: K27ac K36me1,2,0
20180206_IRT_CellLineComp_12.raw,H3.3: K27ac K36me1,2,0
20180206_IRT_CellLineComp_13.raw,H3.3: K27ac K36me1,2,0
20180206_IRT_CellLineComp_14.raw,H3.3: K27ac K36me1,2,0
20180206_IRT_CellLineComp_16.raw,H3.3: K27ac K36me1,2,0
20180206_IRT_CellLineComp_17.raw,H3.3: K27ac K36me1,2,0
20180206_IRT_CellLineComp_18.raw,H3.3: K27ac K36me1,2,0
20180206_IRT_CellLineComp_01.raw,H3.3: K27ac K36me1,3,0
20180206_IRT_CellLineComp_02.raw,H3.3: K27ac K36me1,3,0
20180206_IRT_CellLineComp_03.raw,H3.3: K27ac K36me1,3,170646
20180206_IRT_CellLineComp_04.raw,H3.3: K27ac K36me1,3,23054
20180206_IRT_CellLineComp_06.raw,H3.3: K27ac K36me1,3,199466
20180206_IRT_CellLineComp_07.raw,H3.3: K27ac K36me1,3,1493
20180206_IRT_CellLineComp_08.raw,H3.3: K27ac K36me1,3,184605
20180206_IRT_CellLineComp_09.raw,H3.3: K27ac K36me1,3,0
20180206_IRT_CellLineComp_11.raw,H3.3: K27ac K36me1,3,0
20180206_IRT_CellLineComp_12.raw,H3.3: K27ac K36me1,3,80550
20180206_IRT_CellLineComp_13.raw,H3.3: K27ac K36me1,3,0
20180206_IRT_CellLineComp_14.raw,H3.3: K27ac K36me1,3,1302091
20180206_IRT_CellLineComp_16.raw,H3.3: K27ac K36me1,3,150755
20180206_IRT_CellLineComp_17.raw,H3.3: K27ac K36me1,3,0
20180206_IRT_CellLineComp_18.raw,H3.3: K27ac K36me1,3,76802
20180206_IRT_CellLineComp_01.raw,H3.3: K27ac K36un,2,0
20180206_IRT_CellLineComp_02.raw,H3.3: K27ac K36un,2,0
20180206_IRT_CellLineComp_03.raw,H3.3: K27ac K36un,2,162201
20180206_IRT_CellLineComp_04.raw,H3.3: K27ac K36un,2,74634
20180206_IRT_CellLineComp_06.raw,H3.3: K27ac K36un,2,0
20180206_IRT_CellLineComp_07.raw,H3.3: K27ac K36un,2,0
20180206_IRT_CellLineComp_08.raw,H3.3: K27ac K36un,2,0
20180206_IRT_CellLineComp_09.raw,H3.3: K27ac K36un,2,88045
20180206_IRT_CellLineComp_11.raw,H3.3: K27ac K36un,2,0
20180206_IRT_CellLineComp_12.raw,H3.3: K27ac K36un,2,0
20180206_IRT_CellLineComp_13.raw,H3.3: K27ac K36un,2,372390
20180206_IRT_CellLineComp_14.raw,H3.3: K27ac K36un,2,247045
20180206_IRT_CellLineComp_16.raw,H3.3: K27ac K36un,2,135330
20180206_IRT_CellLineComp_17.raw,H3.3: K27ac K36un,2,0
20180206_IRT_CellLineComp_18.raw,H3.3: K27ac K36un,2,0
20180206_IRT_CellLineComp_01.raw,H3.3: K27ac K36un,3,6111805
20180206_IRT_CellLineComp_02.raw,H3.3: K27ac K36un,3,963055
20180206_IRT_CellLineComp_03.raw,H3.3: K27ac K36un,3,5844706
20180206_IRT_CellLineComp_04.raw,H3.3: K27ac K36un,3,4848263
20180206_IRT_CellLineComp_06.raw,H3.3: K27ac K36un,3,4756279
20180206_IRT_CellLineComp_07.raw,H3.3: K27ac K36un,3,5359907
20180206_IRT_CellLineComp_08.raw,H3.3: K27ac K36un,3,6105586
20180206_IRT_CellLineComp_09.raw,H3.3: K27ac K36un,3,0
20180206_IRT_CellLineComp_11.raw,H3.3: K27ac K36un,3,4624588
20180206_IRT_CellLineComp_12.raw,H3.3: K27ac K36un,3,2214241
20180206_IRT_CellLineComp_13.raw,H3.3: K27ac K36un,3,0
20180206_IRT_CellLineComp_14.raw,H3.3: K27ac K36un,3,2567659
20180206_IRT_CellLineComp_16.raw,H3.3: K27ac K36un,3,2009745
20180206_IRT_CellLineComp_17.raw,H3.3: K27ac K36un,3,3116891
20180206_IRT_CellLineComp_18.raw,H3.3: K27ac K36un,3,5989928
20180206_IRT_CellLineComp_01.raw,H3.3: K27me1 K36me1,2,9052514
20180206_IRT_CellLineComp_02.raw,H3.3: K27me1 K36me1,2,14494118
20180206_IRT_CellLineComp_03.raw,H3.3: K27me1 K36me1,2,27246124
20180206_IRT_CellLineComp_04.raw,H3.3: K27me1 K36me1,2,16610182
20180206_IRT_CellLineComp_06.raw,H3.3: K27me1 K36me1,2,15560108
20180206_IRT_CellLineComp_07.raw,H3.3: K27me1 K36me1,2,12816475
20180206_IRT_CellLineComp_08.raw,H3.3: K27me1 K36me1,2,19010108
20180206_IRT_CellLineComp_09.raw,H3.3: K27me1 K36me1,2,7715439
20180206_IRT_CellLineComp_11.raw,H3.3: K27me1 K36me1,2,11401376
20180206_IRT_CellLineComp_12.raw,H3.3: K27me1 K36me1,2,915332
20180206_IRT_CellLineComp_13.raw,H3.3: K27me1 K36me1,2,43490076
20180206_IRT_CellLineComp_14.raw,H3.3: K27me1 K36me1,2,25156704
20180206_IRT_CellLineComp_16.raw,H3.3: K27me1 K36me1,2,51515980
20180206_IRT_CellLineComp_17.raw,H3.3: K27me1 K36me1,2,9571187
20180206_IRT_CellLineComp_18.raw,H3.3: K27me1 K36me1,2,20925420
20180206_IRT_CellLineComp_01.raw,H3.3: K27me1 K36me1,3,9621713
20180206_IRT_CellLineComp_02.raw,H3.3: K27me1 K36me1,3,15232974
20180206_IRT_CellLineComp_03.raw,H3.3: K27me1 K36me1,3,30762980
20180206_IRT_CellLineComp_04.raw,H3.3: K27me1 K36me1,3,14921410
20180206_IRT_CellLineComp_06.raw,H3.3: K27me1 K36me1,3,19300702
20180206_IRT_CellLineComp_07.raw,H3.3: K27me1 K36me1,3,13399148
20180206_IRT_CellLineComp_08.raw,H3.3: K27me1 K36me1,3,19800536
20180206_IRT_CellLineComp_09.raw,H3.3: K27me1 K36me1,3,8048086
20180206_IRT_CellLineComp_11.raw,H3.3: K27me1 K36me1,3,8993008
20180206_IRT_CellLineComp_12.raw,H3.3: K27me1 K36me1,3,1562323
20180206_IRT_CellLineComp_13.raw,H3.3: K27me1 K36me1,3,39233416
20180206_IRT_CellLineComp_14.raw,H3.3: K27me1 K36me1,3,31413904
20180206_IRT_CellLineComp_16.raw,H3.3: K27me1 K36me1,3,37455288
20180206_IRT_CellLineComp_17.raw,H3.3: K27me1 K36me1,3,10283314
20180206_IRT_CellLineComp_18.raw,H3.3: K27me1 K36me1,3,22346042
20180206_IRT_CellLineComp_01.raw,H3.3: K27me1 K36me2,2,370185
20180206_IRT_CellLineComp_02.raw,H3.3: K27me1 K36me2,2,87267
20180206_IRT_CellLineComp_03.raw,H3.3: K27me1 K36me2,2,103608
20180206_IRT_CellLineComp_04.raw,H3.3: K27me1 K36me2,2,0
20180206_IRT_CellLineComp_06.raw,H3.3: K27me1 K36me2,2,124668
20180206_IRT_CellLineComp_07.raw,H3.3: K27me1 K36me2,2,415572
20180206_IRT_CellLineComp_08.raw,H3.3: K27me1 K36me2,2,155061
20180206_IRT_CellLineComp_09.raw,H3.3: K27me1 K36me2,2,0
20180206_IRT_CellLineComp_11.raw,H3.3: K27me1 K36me2,2,184149
20180206_IRT_CellLineComp_12.raw,H3.3: K27me1 K36me2,2,1465417
20180206_IRT_CellLineComp_13.raw,H3.3: K27me1 K36me2,2,59207
20180206_IRT_CellLineComp_14.raw,H3.3: K27me1 K36me2,2,30019
20180206_IRT_CellLineComp_16.raw,H3.3: K27me1 K36me2,2,369285
20180206_IRT_CellLineComp_17.raw,H3.3: K27me1 K36me2,2,323966
20180206_IRT_CellLineComp_18.raw,H3.3: K27me1 K36me2,2,200474
20180206_IRT_CellLineComp_01.raw,H3.3: K27me1 K36me2,3,1043188
20180206_IRT_CellLineComp_02.raw,H3.3: K27me1 K36me2,3,1850684
20180206_IRT_CellLineComp_03.raw,H3.3: K27me1 K36me2,3,8984032
20180206_IRT_CellLineComp_04.raw,H3.3: K27me1 K36me2,3,4160272
20180206_IRT_CellLineComp_06.raw,H3.3: K27me1 K36me2,3,1028042
20180206_IRT_CellLineComp_07.raw,H3.3: K27me1 K36me2,3,1157464
20180206_IRT_CellLineComp_08.raw,H3.3: K27me1 K36me2,3,4561296
20180206_IRT_CellLineComp_09.raw,H3.3: K27me1 K36me2,3,888068
20180206_IRT_CellLineComp_11.raw,H3.3: K27me1 K36me2,3,4636071
20180206_IRT_CellLineComp_12.raw,H3.3: K27me1 K36me2,3,8487236
20180206_IRT_CellLineComp_13.raw,H3.3: K27me1 K36me2,3,1690186
20180206_IRT_CellLineComp_14.raw,H3.3: K27me1 K36me2,3,12415989
20180206_IRT_CellLineComp_16.raw,H3.3: K27me1 K36me2,3,3928020
20180206_IRT_CellLineComp_17.raw,H3.3: K27me1 K36me2,3,7122374
20180206_IRT_CellLineComp_18.raw,H3.3: K27me1 K36me2,3,5122415
20180206_IRT_CellLineComp_01.raw,H3.3: K27me1 K36me3,3,350983
20180206_IRT_CellLineComp_02.raw,H3.3: K27me1 K36me3,3,250685408
20180206_IRT_CellLineComp_03.raw,H3.3: K27me1 K36me3,3,191167744
20180206_IRT_CellLineComp_04.raw,H3.3: K27me1 K36me3,3,9629787
20180206_IRT_CellLineComp_06.raw,H3.3: K27me1 K36me3,3,302619168
20180206_IRT_CellLineComp_07.raw,H3.3: K27me1 K36me3,3,328430496
20180206_IRT_CellLineComp_08.raw,H3.3: K27me1 K36me3,3,146764928
20180206_IRT_CellLineComp_09.raw,H3.3: K27me1 K36me3,3,3260400
20180206_IRT_CellLineComp_11.raw,H3.3: K27me1 K36me3,3,228024208
20180206_IRT_CellLineComp_12.raw,H3.3: K27me1 K36me3,3,258933936
20180206_IRT_CellLineComp_13.raw,H3.3: K27me1 K36me3,3,191532016
20180206_IRT_CellLineComp_14.raw,H3.3: K27me1 K36me3,3,11414194
20180206_IRT_CellLineComp_16.raw,H3.3: K27me1 K36me3,3,7011574
20180206_IRT_CellLineComp_17.raw,H3.3: K27me1 K36me3,3,529020
20180206_IRT_CellLineComp_18.raw,H3.3: K27me1 K36me3,3,443148800
20180206_IRT_CellLineComp_01.raw,H3.3: K27me1 K36un,2,31215464
20180206_IRT_CellLineComp_02.raw,H3.3: K27me1 K36un,2,0
20180206_IRT_CellLineComp_03.raw,H3.3: K27me1 K36un,2,0
20180206_IRT_CellLineComp_04.raw,H3.3: K27me1 K36un,2,0
20180206_IRT_CellLineComp_06.raw,H3.3: K27me1 K36un,2,402673
20180206_IRT_CellLineComp_07.raw,H3.3: K27me1 K36un,2,0
20180206_IRT_CellLineComp_08.raw,H3.3: K27me1 K36un,2,0
20180206_IRT_CellLineComp_09.raw,H3.3: K27me1 K36un,2,31111752
20180206_IRT_CellLineComp_11.raw,H3.3: K27me1 K36un,2,42532
20180206_IRT_CellLineComp_12.raw,H3.3: K27me1 K36un,2,0
20180206_IRT_CellLineComp_13.raw,H3.3: K27me1 K36un,2,0
20180206_IRT_CellLineComp_14.raw,H3.3: K27me1 K36un,2,0
20180206_IRT_CellLineComp_16.raw,H3.3: K27me1 K36un,2,0
20180206_IRT_CellLineComp_17.raw,H3.3: K27me1 K36un,2,38643840
20180206_IRT_CellLineComp_18.raw,H3.3: K27me1 K36un,2,0
20180206_IRT_CellLineComp_01.raw,H3.3: K27me1 K36un,3,35415216
20180206_IRT_CellLineComp_02.raw,H3.3: K27me1 K36un,3,0
20180206_IRT_CellLineComp_03.raw,H3.3: K27me1 K36un,3,0
20180206_IRT_CellLineComp_04.raw,H3.3: K27me1 K36un,3,5178
20180206_IRT_CellLineComp_06.raw,H3.3: K27me1 K36un,3,584457
20180206_IRT_CellLineComp_07.raw,H3.3: K27me1 K36un,3,1406412
20180206_IRT_CellLineComp_08.raw,H3.3: K27me1 K36un,3,0
20180206_IRT_CellLineComp_09.raw,H3.3: K27me1 K36un,3,38245280
20180206_IRT_CellLineComp_11.raw,H3.3: K27me1 K36un,3,0
20180206_IRT_CellLineComp_12.raw,H3.3: K27me1 K36un,3,0
20180206_IRT_CellLineComp_13.raw,H3.3: K27me1 K36un,3,802391
20180206_IRT_CellLineComp_14.raw,H3.3: K27me1 K36un,3,740443
20180206_IRT_CellLineComp_16.raw,H3.3: K27me1 K36un,3,1377717
20180206_IRT_CellLineComp_17.raw,H3.3: K27me1 K36un,3,38590892
20180206_IRT_CellLineComp_18.raw,H3.3: K27me1 K36un,3,872517
20180206_IRT_CellLineComp_01.raw,H3.3: K27me2 K36me1,2,262258
20180206_IRT_CellLineComp_02.raw,H3.3: K27me2 K36me1,2,0
20180206_IRT_CellLineComp_03.raw,H3.3: K27me2 K36me1,2,27150606
20180206_IRT_CellLineComp_04.raw,H3.3: K27me2 K36me1,2,9661174
20180206_IRT_CellLineComp_06.raw,H3.3: K27me2 K36me1,2,4367517
20180206_IRT_CellLineComp_07.raw,H3.3: K27me2 K36me1,2,0
20180206_IRT_CellLineComp_08.raw,H3.3: K27me2 K36me1,2,397736
20180206_IRT_CellLineComp_09.raw,H3.3: K27me2 K36me1,2,142820
20180206_IRT_CellLineComp_11.raw,H3.3: K27me2 K36me1,2,0
20180206_IRT_CellLineComp_12.raw,H3.3: K27me2 K36me1,2,522173
20180206_IRT_CellLineComp_13.raw,H3.3: K27me2 K36me1,2,142400
20180206_IRT_CellLineComp_14.raw,H3.3: K27me2 K36me1,2,34328216
20180206_IRT_CellLineComp_16.raw,H3.3: K27me2 K36me1,2,16367279
20180206_IRT_CellLineComp_17.raw,H3.3: K27me2 K36me1,2,507852
20180206_IRT_CellLineComp_18.raw,H3.3: K27me2 K36me1,2,0
20180206_IRT_CellLineComp_01.raw,H3.3: K27me2 K36me1,3,12410860
20180206_IRT_CellLineComp_02.raw,H3.3: K27me2 K36me1,3,9036270
20180206_IRT_CellLineComp_03.raw,H3.3: K27me2 K36me1,3,647366400
20180206_IRT_CellLineComp_04.raw,H3.3: K27me2 K36me1,3,312245056
20180206_IRT_CellLineComp_06.raw,H3.3: K27me2 K36me1,3,78270032
20180206_IRT_CellLineComp_07.raw,H3.3: K27me2 K36me1,3,9374112
20180206_IRT_CellLineComp_08.raw,H3.3: K27me2 K36me1,3,12129407
20180206_IRT_CellLineComp_09.raw,H3.3: K27me2 K36me1,3,9078447
20180206_IRT_CellLineComp_11.raw,H3.3: K27me2 K36me1,3,6883335
20180206_IRT_CellLineComp_12.raw,H3.3: K27me2 K36me1,3,29401996
20180206_IRT_CellLineComp_13.raw,H3.3: K27me2 K36me1,3,62116404
20180206_IRT_CellLineComp_14.raw,H3.3: K27me2 K36me1,3,715810368
20180206_IRT_CellLineComp_16.raw,H3.3: K27me2 K36me1,3,557135104
20180206_IRT_CellLineComp_17.raw,H3.3: K27me2 K36me1,3,21833730
20180206_IRT_CellLineComp_18.raw,H3.3: K27me2 K36me1,3,13405989
20180206_IRT_CellLineComp_01.raw,H3.3: K27me2 K36me2,3,314032
20180206_IRT_CellLineComp_02.raw,H3.3: K27me2 K36me2,3,1022580
20180206_IRT_CellLineComp_03.raw,H3.3: K27me2 K36me2,3,1471553
20180206_IRT_CellLineComp_04.raw,H3.3: K27me2 K36me2,3,0
20180206_IRT_CellLineComp_06.raw,H3.3: K27me2 K36me2,3,0
20180206_IRT_CellLineComp_07.raw,H3.3: K27me2 K36me2,3,2679156
20180206_IRT_CellLineComp_08.raw,H3.3: K27me2 K36me2,3,577836
20180206_IRT_CellLineComp_09.raw,H3.3: K27me2 K36me2,3,1681771
20180206_IRT_CellLineComp_11.raw,H3.3: K27me2 K36me2,3,1997652
20180206_IRT_CellLineComp_12.raw,H3.3: K27me2 K36me2,3,604363
20180206_IRT_CellLineComp_13.raw,H3.3: K27me2 K36me2,3,642868
20180206_IRT_CellLineComp_14.raw,H3.3: K27me2 K36me2,3,2434157
20180206_IRT_CellLineComp_16.raw,H3.3: K27me2 K36me2,3,1576436
20180206_IRT_CellLineComp_17.raw,H3.3: K27me2 K36me2,3,1383394
20180206_IRT_CellLineComp_18.raw,H3.3: K27me2 K36me2,3,3414916
20180206_IRT_CellLineComp_01.raw,H3.3: K27me2 K36un,2,33507128
20180206_IRT_CellLineComp_02.raw,H3.3: K27me2 K36un,2,9147048
20180206_IRT_CellLineComp_03.raw,H3.3: K27me2 K36un,2,31539302
20180206_IRT_CellLineComp_04.raw,H3.3: K27me2 K36un,2,278994
20180206_IRT_CellLineComp_06.raw,H3.3: K27me2 K36un,2,620433
20180206_IRT_CellLineComp_07.raw,H3.3: K27me2 K36un,2,854780
20180206_IRT_CellLineComp_08.raw,H3.3: K27me2 K36un,2,125348
20180206_IRT_CellLineComp_09.raw,H3.3: K27me2 K36un,2,22655614
20180206_IRT_CellLineComp_11.raw,H3.3: K27me2 K36un,2,66427
20180206_IRT_CellLineComp_12.raw,H3.3: K27me2 K36un,2,288079
20180206_IRT_CellLineComp_13.raw,H3.3: K27me2 K36un,2,409848
20180206_IRT_CellLineComp_14.raw,H3.3: K27me2 K36un,2,3296467
20180206_IRT_CellLineComp_16.raw,H3.3: K27me2 K36un,2,1192750
20180206_IRT_CellLineComp_17.raw,H3.3: K27me2 K36un,2,29139296
20180206_IRT_CellLineComp_18.raw,H3.3: K27me2 K36un,2,2095047
20180206_IRT_CellLineComp_01.raw,H3.3: K27me2 K36un,3,566504256
20180206_IRT_CellLineComp_02.raw,H3.3: K27me2 K36un,3,271628096
20180206_IRT_CellLineComp_03.raw,H3.3: K27me2 K36un,3,585666048
20180206_IRT_CellLineComp_04.raw,H3.3: K27me2 K36un,3,33028390
20180206_IRT_CellLineComp_06.raw,H3.3: K27me2 K36un,3,3284107
20180206_IRT_CellLineComp_07.raw,H3.3: K27me2 K36un,3,8906932
20180206_IRT_CellLineComp_08.raw,H3.3: K27me2 K36un,3,459698624
20180206_IRT_CellLineComp_09.raw,H3.3: K27me2 K36un,3,494708224
20180206_IRT_CellLineComp_11.raw,H3.3: K27me2 K36un,3,400903616
20180206_IRT_CellLineComp_12.raw,H3.3: K27me2 K36un,3,4004848
20180206_IRT_CellLineComp_13.raw,H3.3: K27me2 K36un,3,8671747
20180206_IRT_CellLineComp_14.raw,H3.3: K27me2 K36un,3,16815144
20180206_IRT_CellLineComp_16.raw,H3.3: K27me2 K36un,3,4791464
20180206_IRT_CellLineComp_17.raw,H3.3: K27me2 K36un,3,541176704
20180206_IRT_CellLineComp_18.raw,H3.3: K27me2 K36un,3,7605603
20180206_IRT_CellLineComp_01.raw,H3.3: K27me3 K36me1,3,2883825
20180206_IRT_CellLineComp_02.raw,H3.3: K27me3 K36me1,3,903111
20180206_IRT_CellLineComp_03.raw,H3.3: K27me3 K36me1,3,2911679
20180206_IRT_CellLineComp_04.raw,H3.3: K27me3 K36me1,3,46753952
20180206_IRT_CellLineComp_06.raw,H3.3: K27me3 K36me1,3,11393863
20180206_IRT_CellLineComp_07.raw,H3.3: K27me3 K36me1,3,22145068
20180206_IRT_CellLineComp_08.raw,H3.3: K27me3 K36me1,3,2894744
20180206_IRT_CellLineComp_09.raw,H3.3: K27me3 K36me1,3,1217376
20180206_IRT_CellLineComp_11.raw,H3.3: K27me3 K36me1,3,748409
20180206_IRT_CellLineComp_12.raw,H3.3: K27me3 K36me1,3,1686762
20180206_IRT_CellLineComp_13.raw,H3.3: K27me3 K36me1,3,1513758
20180206_IRT_CellLineComp_14.raw,H3.3: K27me3 K36me1,3,135012192
20180206_IRT_CellLineComp_16.raw,H3.3: K27me3 K36me1,3,61937264
20180206_IRT_CellLineComp_17.raw,H3.3: K27me3 K36me1,3,4042548
20180206_IRT_CellLineComp_18.raw,H3.3: K27me3 K36me1,3,40479080
20180206_IRT_CellLineComp_01.raw,H3.3: K27me3 K36me2,3,36315460
20180206_IRT_CellLineComp_02.raw,H3.3: K27me3 K36me2,3,0
20180206_IRT_CellLineComp_03.raw,H3.3: K27me3 K36me2,3,25425768
20180206_IRT_CellLineComp_04.raw,H3.3: K27me3 K36me2,3,1624465792
20180206_IRT_CellLineComp_06.raw,H3.3: K27me3 K36me2,3,268739008
20180206_IRT_CellLineComp_07.raw,H3.3: K27me3 K36me2,3,2746591488
20180206_IRT_CellLineComp_08.raw,H3.3: K27me3 K36me2,3,218187
20180206_IRT_CellLineComp_09.raw,H3.3: K27me3 K36me2,3,63457
20180206_IRT_CellLineComp_11.raw,H3.3: K27me3 K36me2,3,31956
20180206_IRT_CellLineComp_12.raw,H3.3: K27me3 K36me2,3,1591744256
20180206_IRT_CellLineComp_13.raw,H3.3: K27me3 K36me2,3,395498112
20180206_IRT_CellLineComp_14.raw,H3.3: K27me3 K36me2,3,0
20180206_IRT_CellLineComp_16.raw,H3.3: K27me3 K36me2,3,0
20180206_IRT_CellLineComp_17.raw,H3.3: K27me3 K36me2,3,39633
20180206_IRT_CellLineComp_18.raw,H3.3: K27me3 K36me2,3,4686468096
20180206_IRT_CellLineComp_01.raw,H3.3: K27me3 K36un,2,3504058
20180206_IRT_CellLineComp_02.raw,H3.3: K27me3 K36un,2,0
20180206_IRT_CellLineComp_03.raw,H3.3: K27me3 K36un,2,86058
20180206_IRT_CellLineComp_04.raw,H3.3: K27me3 K36un,2,1231291
20180206_IRT_CellLineComp_06.raw,H3.3: K27me3 K36un,2,0
20180206_IRT_CellLineComp_07.raw,H3.3: K27me3 K36un,2,0
20180206_IRT_CellLineComp_08.raw,H3.3: K27me3 K36un,2,0
20180206_IRT_CellLineComp_09.raw,H3.3: K27me3 K36un,2,27109
20180206_IRT_CellLineComp_11.raw,H3.3: K27me3 K36un,2,0
20180206_IRT_CellLineComp_12.raw,H3.3: K27me3 K36un,2,0
20180206_IRT_CellLineComp_13.raw,H3.3: K27me3 K36un,2,0
20180206_IRT_CellLineComp_14.raw,H3.3: K27me3 K36un,2,124087
20180206_IRT_CellLineComp_16.raw,H3.3: K27me3 K36un,2,1514092
20180206_IRT_CellLineComp_17.raw,H3.3: K27me3 K36un,2,5250872
20180206_IRT_CellLineComp_18.raw,H3.3: K27me3 K36un,2,0
20180206_IRT_CellLineComp_01.raw,H3.3: K27me3 K36un,3,188358976
20180206_IRT_CellLineComp_02.raw,H3.3: K27me3 K36un,3,4245874
20180206_IRT_CellLineComp_03.raw,H3.3: K27me3 K36un,3,9362715
20180206_IRT_CellLineComp_04.raw,H3.3: K27me3 K36un,3,11813931
20180206_IRT_CellLineComp_06.raw,H3.3: K27me3 K36un,3,1840853
20180206_IRT_CellLineComp_07.raw,H3.3: K27me3 K36un,3,9374112
20180206_IRT_CellLineComp_08.raw,H3.3: K27me3 K36un,3,6112820
20180206_IRT_CellLineComp_09.raw,H3.3: K27me3 K36un,3,8067500
20180206_IRT_CellLineComp_11.raw,H3.3: K27me3 K36un,3,6883335
20180206_IRT_CellLineComp_12.raw,H3.3: K27me3 K36un,3,5425575
20180206_IRT_CellLineComp_13.raw,H3.3: K27me3 K36un,3,5817444
20180206_IRT_CellLineComp_14.raw,H3.3: K27me3 K36un,3,18842340
20180206_IRT_CellLineComp_16.raw,H3.3: K27me3 K36un,3,139934656
20180206_IRT_CellLineComp_17.raw,H3.3: K27me3 K36un,3,219242032
20180206_IRT_CellLineComp_18.raw,H3.3: K27me3 K36un,3,13405989
20180206_IRT_CellLineComp_01.raw,H3.3: K27un K36me1,2,9253714
20180206_IRT_CellLineComp_02.raw,H3.3: K27un K36me1,2,8882524
20180206_IRT_CellLineComp_03.raw,H3.3: K27un K36me1,2,163188
20180206_IRT_CellLineComp_04.raw,H3.3: K27un K36me1,2,11426632
20180206_IRT_CellLineComp_06.raw,H3.3: K27un K36me1,2,6585890
20180206_IRT_CellLineComp_07.raw,H3.3: K27un K36me1,2,6997583
20180206_IRT_CellLineComp_08.raw,H3.3: K27un K36me1,2,342166
20180206_IRT_CellLineComp_09.raw,H3.3: K27un K36me1,2,477500
20180206_IRT_CellLineComp_11.raw,H3.3: K27un K36me1,2,27096360
20180206_IRT_CellLineComp_12.raw,H3.3: K27un K36me1,2,0
20180206_IRT_CellLineComp_13.raw,H3.3: K27un K36me1,2,56501340
20180206_IRT_CellLineComp_14.raw,H3.3: K27un K36me1,2,1431027
20180206_IRT_CellLineComp_16.raw,H3.3: K27un K36me1,2,93546
20180206_IRT_CellLineComp_17.raw,H3.3: K27un K36me1,2,9759761
20180206_IRT_CellLineComp_18.raw,H3.3: K27un K36me1,2,51750104
20180206_IRT_CellLineComp_01.raw,H3.3: K27un K36me1,3,13485425
20180206_IRT_CellLineComp_02.raw,H3.3: K27un K36me1,3,0
20180206_IRT_CellLineComp_03.raw,H3.3: K27un K36me1,3,70941
20180206_IRT_CellLineComp_04.raw,H3.3: K27un K36me1,3,20227312
20180206_IRT_CellLineComp_06.raw,H3.3: K27un K36me1,3,27219
20180206_IRT_CellLineComp_07.raw,H3.3: K27un K36me1,3,0
20180206_IRT_CellLineComp_08.raw,H3.3: K27un K36me1,3,0
20180206_IRT_CellLineComp_09.raw,H3.3: K27un K36me1,3,0
20180206_IRT_CellLineComp_11.raw,H3.3: K27un K36me1,3,34379008
20180206_IRT_CellLineComp_12.raw,H3.3: K27un K36me1,3,0
20180206_IRT_CellLineComp_13.raw,H3.3: K27un K36me1,3,67671744
20180206_IRT_CellLineComp_14.raw,H3.3: K27un K36me1,3,0
20180206_IRT_CellLineComp_16.raw,H3.3: K27un K36me1,3,0
20180206_IRT_CellLineComp_17.raw,H3.3: K27un K36me1,3,8850148
20180206_IRT_CellLineComp_18.raw,H3.3: K27un K36me1,3,65263464
20180206_IRT_CellLineComp_01.raw,H3.3: K27un K36me2,2,512698
20180206_IRT_CellLineComp_02.raw,H3.3: K27un K36me2,2,2371997
20180206_IRT_CellLineComp_03.raw,H3.3: K27un K36me2,2,2651263
20180206_IRT_CellLineComp_04.raw,H3.3: K27un K36me2,2,31547
20180206_IRT_CellLineComp_06.raw,H3.3: K27un K36me2,2,4560451
20180206_IRT_CellLineComp_07.raw,H3.3: K27un K36me2,2,854780
20180206_IRT_CellLineComp_08.raw,H3.3: K27un K36me2,2,347376
20180206_IRT_CellLineComp_09.raw,H3.3: K27un K36me2,2,368596
20180206_IRT_CellLineComp_11.raw,H3.3: K27un K36me2,2,66427
20180206_IRT_CellLineComp_12.raw,H3.3: K27un K36me2,2,4661917
20180206_IRT_CellLineComp_13.raw,H3.3: K27un K36me2,2,3127678
20180206_IRT_CellLineComp_14.raw,H3.3: K27un K36me2,2,11104770
20180206_IRT_CellLineComp_16.raw,H3.3: K27un K36me2,2,9946893
20180206_IRT_CellLineComp_17.raw,H3.3: K27un K36me2,2,301791
20180206_IRT_CellLineComp_18.raw,H3.3: K27un K36me2,2,2095047
20180206_IRT_CellLineComp_01.raw,H3.3: K27un K36me2,3,350683
20180206_IRT_CellLineComp_02.raw,H3.3: K27un K36me2,3,1232256
20180206_IRT_CellLineComp_03.raw,H3.3: K27un K36me2,3,95610
20180206_IRT_CellLineComp_04.raw,H3.3: K27un K36me2,3,0
20180206_IRT_CellLineComp_06.raw,H3.3: K27un K36me2,3,4203184
20180206_IRT_CellLineComp_07.raw,H3.3: K27un K36me2,3,8906932
20180206_IRT_CellLineComp_08.raw,H3.3: K27un K36me2,3,0
20180206_IRT_CellLineComp_09.raw,H3.3: K27un K36me2,3,463768
20180206_IRT_CellLineComp_11.raw,H3.3: K27un K36me2,3,400903616
20180206_IRT_CellLineComp_12.raw,H3.3: K27un K36me2,3,947836
20180206_IRT_CellLineComp_13.raw,H3.3: K27un K36me2,3,87125
20180206_IRT_CellLineComp_14.raw,H3.3: K27un K36me2,3,326600384
20180206_IRT_CellLineComp_16.raw,H3.3: K27un K36me2,3,340527488
20180206_IRT_CellLineComp_17.raw,H3.3: K27un K36me2,3,1729088
20180206_IRT_CellLineComp_18.raw,H3.3: K27un K36me2,3,7605603
20180206_IRT_CellLineComp_01.raw,H3.3: K27un K36me3,3,7330766
20180206_IRT_CellLineComp_02.raw,H3.3: K27un K36me3,3,343588544
20180206_IRT_CellLineComp_03.raw,H3.3: K27un K36me3,3,221757280
20180206_IRT_CellLineComp_04.raw,H3.3: K27un K36me3,3,190972384
20180206_IRT_CellLineComp_06.raw,H3.3: K27un K36me3,3,436299968
20180206_IRT_CellLineComp_07.raw,H3.3: K27un K36me3,3,301577760
20180206_IRT_CellLineComp_08.raw,H3.3: K27un K36me3,3,200858912
20180206_IRT_CellLineComp_09.raw,H3.3: K27un K36me3,3,8067500
20180206_IRT_CellLineComp_11.raw,H3.3: K27un K36me3,3,6883335
20180206_IRT_CellLineComp_12.raw,H3.3: K27un K36me3,3,334464000
20180206_IRT_CellLineComp_13.raw,H3.3: K27un K36me3,3,5817444
20180206_IRT_CellLineComp_14.raw,H3.3: K27un K36me3,3,18842340
20180206_IRT_CellLineComp_16.raw,H3.3: K27un K36me3,3,557135104
20180206_IRT_CellLineComp_17.raw,H3.3: K27un K36me3,3,6186991
20180206_IRT_CellLineComp_18.raw,H3.3: K27un K36me3,3,13405989
20180206_IRT_CellLineComp_01.raw,H3.3: K27un K36un,2,0
20180206_IRT_CellLineComp_02.raw,H3.3: K27un K36un,2,189771
20180206_IRT_CellLineComp_03.raw,H3.3: K27un K36un,2,99496880
20180206_IRT_CellLineComp_04.raw,H3.3: K27un K36un,2,0
20180206_IRT_CellLineComp_06.raw,H3.3: K27un K36un,2,87103056
20180206_IRT_CellLineComp_07.raw,H3.3: K27un K36un,2,0
20180206_IRT_CellLineComp_08.raw,H3.3: K27un K36un,2,0
20180206_IRT_CellLineComp_09.raw,H3.3: K27un K36un,2,0
20180206_IRT_CellLineComp_11.raw,H3.3: K27un K36un,2,64144984
20180206_IRT_CellLineComp_12.raw,H3.3: K27un K36un,2,88467112
20180206_IRT_CellLineComp_13.raw,H3.3: K27un K36un,2,115097280
20180206_IRT_CellLineComp_14.raw,H3.3: K27un K36un,2,73504184
20180206_IRT_CellLineComp_16.raw,H3.3: K27un K36un,2,0
20180206_IRT_CellLineComp_17.raw,H3.3: K27un K36un,2,53140452
20180206_IRT_CellLineComp_18.raw,H3.3: K27un K36un,2,0
20180206_IRT_CellLineComp_01.raw,H3.3: K27un K36un,3,0
20180206_IRT_CellLineComp_02.raw,H3.3: K27un K36un,3,1623290
20180206_IRT_CellLineComp_03.raw,H3.3: K27un K36un,3,149609072
20180206_IRT_CellLineComp_04.raw,H3.3: K27un K36un,3,563550
20180206_IRT_CellLineComp_06.raw,H3.3: K27un K36un,3,110990568
20180206_IRT_CellLineComp_07.raw,H3.3: K27un K36un,3,4488142
20180206_IRT_CellLineComp_08.raw,H3.3: K27un K36un,3,2853845
20180206_IRT_CellLineComp_09.raw,H3.3: K27un K36un,3,413780
20180206_IRT_CellLineComp_11.raw,H3.3: K27un K36un,3,72707536
20180206_IRT_CellLineComp_12.raw,H3.3: K27un K36un,3,117397248
20180206_IRT_CellLineComp_13.raw,H3.3: K27un K36un,3,121404176
20180206_IRT_CellLineComp_14.raw,H3.3: K27un K36un,3,71414256
20180206_IRT_CellLineComp_16.raw,H3.3: K27un K36un,3,0
20180206_IRT_CellLineComp_17.raw,H3.3: K27un K36un,3,67807656
20180206_IRT_CellLineComp_18.raw,H3.3: K27un K36un,3,7251414
20180206_IRT_CellLineComp_01.raw,H3: K18ac K23ac,2,121530128
20180206_IRT_CellLineComp_02.raw,H3: K18ac K23ac,2,284406560
20180206_IRT_CellLineComp_03.raw,H3: K18ac K23ac,2,251120160
20180206_IRT_CellLineComp_04.raw,H3: K18ac K23ac,2,70285416
20180206_IRT_CellLineComp_06.raw,H3: K18ac K23ac,2,393415648
20180206_IRT_CellLineComp_07.raw,H3: K18ac K23ac,2,336501344
20180206_IRT_CellLineComp_08.raw,H3: K18ac K23ac,2,73947280
20180206_IRT_CellLineComp_09.raw,H3: K18ac K23ac,2,127886160
20180206_IRT_CellLineComp_11.raw,H3: K18ac K23ac,2,339806368
20180206_IRT_CellLineComp_12.raw,H3: K18ac K23ac,2,355586688
20180206_IRT_CellLineComp_13.raw,H3: K18ac K23ac,2,268210176
20180206_IRT_CellLineComp_14.raw,H3: K18ac K23ac,2,0
20180206_IRT_CellLineComp_16.raw,H3: K18ac K23ac,2,201035776
20180206_IRT_CellLineComp_17.raw,H3: K18ac K23ac,2,195179888
20180206_IRT_CellLineComp_18.raw,H3: K18ac K23ac,2,549601728
20180206_IRT_CellLineComp_01.raw,H3: K18ac K23un,2,2697103
20180206_IRT_CellLineComp_02.raw,H3: K18ac K23un,2,8432732
20180206_IRT_CellLineComp_03.raw,H3: K18ac K23un,2,17060900
20180206_IRT_CellLineComp_04.raw,H3: K18ac K23un,2,14494166
20180206_IRT_CellLineComp_06.raw,H3: K18ac K23un,2,19070602
20180206_IRT_CellLineComp_07.raw,H3: K18ac K23un,2,11932492
20180206_IRT_CellLineComp_08.raw,H3: K18ac K23un,2,13807229
20180206_IRT_CellLineComp_09.raw,H3: K18ac K23un,2,3335795
20180206_IRT_CellLineComp_11.raw,H3: K18ac K23un,2,16617101
20180206_IRT_CellLineComp_12.raw,H3: K18ac K23un,2,10365931
20180206_IRT_CellLineComp_13.raw,H3: K18ac K23un,2,13725997
20180206_IRT_CellLineComp_14.raw,H3: K18ac K23un,2,14094102
20180206_IRT_CellLineComp_16.raw,H3: K18ac K23un,2,18526698
20180206_IRT_CellLineComp_17.raw,H3: K18ac K23un,2,8736622
20180206_IRT_CellLineComp_18.raw,H3: K18ac K23un,2,26521112
20180206_IRT_CellLineComp_01.raw,H3: K18me K23un,2,0
20180206_IRT_CellLineComp_02.raw,H3: K18me K23un,2,0
20180206_IRT_CellLineComp_03.raw,H3: K18me K23un,2,0
20180206_IRT_CellLineComp_04.raw,H3: K18me K23un,2,0
20180206_IRT_CellLineComp_06.raw,H3: K18me K23un,2,0
20180206_IRT_CellLineComp_07.raw,H3: K18me K23un,2,0
20180206_IRT_CellLineComp_08.raw,H3: K18me K23un,2,0
20180206_IRT_CellLineComp_09.raw,H3: K18me K23un,2,0
20180206_IRT_CellLineComp_11.raw,H3: K18me K23un,2,0
20180206_IRT_CellLineComp_12.raw,H3: K18me K23un,2,0
20180206_IRT_CellLineComp_13.raw,H3: K18me K23un,2,0
20180206_IRT_CellLineComp_14.raw,H3: K18me K23un,2,0
20180206_IRT_CellLineComp_16.raw,H3: K18me K23un,2,0
20180206_IRT_CellLineComp_17.raw,H3: K18me K23un,2,0
20180206_IRT_CellLineComp_18.raw,H3: K18me K23un,2,0
20180206_IRT_CellLineComp_01.raw,H3: K18un K23ac,2,1459319936
20180206_IRT_CellLineComp_02.raw,H3: K18un K23ac,2,4298201088
20180206_IRT_CellLineComp_03.raw,H3: K18un K23ac,2,5018876416
20180206_IRT_CellLineComp_04.raw,H3: K18un K23ac,2,5133649408
20180206_IRT_CellLineComp_06.raw,H3: K18un K23ac,2,5219116544
20180206_IRT_CellLineComp_07.raw,H3: K18un K23ac,2,5659221504
20180206_IRT_CellLineComp_08.raw,H3: K18un K23ac,2,4340548608
20180206_IRT_CellLineComp_09.raw,H3: K18un K23ac,2,1560588160
20180206_IRT_CellLineComp_11.raw,H3: K18un K23ac,2,4942376960
20180206_IRT_CellLineComp_12.raw,H3: K18un K23ac,2,5128248320
20180206_IRT_CellLineComp_13.raw,H3: K18un K23ac,2,5156346368
20180206_IRT_CellLineComp_14.raw,H3: K18un K23ac,2,7217528320
20180206_IRT_CellLineComp_16.raw,H3: K18un K23ac,2,4164499712
20180206_IRT_CellLineComp_17.raw,H3: K18un K23ac,2,2166256896
20180206_IRT_CellLineComp_18.raw,H3: K18un K23ac,2,6700090368
20180206_IRT_CellLineComp_01.raw,H3: K18un K23ac,3,0
20180206_IRT_CellLineComp_02.raw,H3: K18un K23ac,3,318648
20180206_IRT_CellLineComp_03.raw,H3: K18un K23ac,3,130860
20180206_IRT_CellLineComp_04.raw,H3: K18un K23ac,3,0
20180206_IRT_CellLineComp_06.raw,H3: K18un K23ac,3,234504
20180206_IRT_CellLineComp_07.raw,H3: K18un K23ac,3,0
20180206_IRT_CellLineComp_08.raw,H3: K18un K23ac,3,697929
20180206_IRT_CellLineComp_09.raw,H3: K18un K23ac,3,0
20180206_IRT_CellLineComp_11.raw,H3: K18un K23ac,3,0
20180206_IRT_CellLineComp_12.raw,H3: K18un K23ac,3,537410
20180206_IRT_CellLineComp_13.raw,H3: K18un K23ac,3,0
20180206_IRT_CellLineComp_14.raw,H3: K18un K23ac,3,204577
20180206_IRT_CellLineComp_16.raw,H3: K18un K23ac,3,0
20180206_IRT_CellLineComp_17.raw,H3: K18un K23ac,3,116508
20180206_IRT_CellLineComp_18.raw,H3: K18un K23ac,3,0
20180206_IRT_CellLineComp_01.raw,H3: K18un K23me1,2,0
20180206_IRT_CellLineComp_02.raw,H3: K18un K23me1,2,0
20180206_IRT_CellLineComp_03.raw,H3: K18un K23me1,2,0
20180206_IRT_CellLineComp_04.raw,H3: K18un K23me1,2,0
20180206_IRT_CellLineComp_06.raw,H3: K18un K23me1,2,0
20180206_IRT_CellLineComp_07.raw,H3: K18un K23me1,2,0
20180206_IRT_CellLineComp_08.raw,H3: K18un K23me1,2,0
20180206_IRT_CellLineComp_09.raw,H3: K18un K23me1,2,0
20180206_IRT_CellLineComp_11.raw,H3: K18un K23me1,2,0
20180206_IRT_CellLineComp_12.raw,H3: K18un K23me1,2,0
20180206_IRT_CellLineComp_13.raw,H3: K18un K23me1,2,0
20180206_IRT_CellLineComp_14.raw,H3: K18un K23me1,2,0
20180206_IRT_CellLineComp_16.raw,H3: K18un K23me1,2,0
20180206_IRT_CellLineComp_17.raw,H3: K18un K23me1,2,0
20180206_IRT_CellLineComp_18.raw,H3: K18un K23me1,2,0
20180206_IRT_CellLineComp_01.raw,H3: K18un K23me3,2,7529745
20180206_IRT_CellLineComp_02.raw,H3: K18un K23me3,2,7881306
20180206_IRT_CellLineComp_03.raw,H3: K18un K23me3,2,11444453
20180206_IRT_CellLineComp_04.raw,H3: K18un K23me3,2,5360439
20180206_IRT_CellLineComp_06.raw,H3: K18un K23me3,2,5296395
20180206_IRT_CellLineComp_07.raw,H3: K18un K23me3,2,7418216
20180206_IRT_CellLineComp_08.raw,H3: K18un K23me3,2,4940535
20180206_IRT_CellLineComp_09.raw,H3: K18un K23me3,2,3890843
20180206_IRT_CellLineComp_11.raw,H3: K18un K23me3,2,5390069
20180206_IRT_CellLineComp_12.raw,H3: K18un K23me3,2,6414597
20180206_IRT_CellLineComp_13.raw,H3: K18un K23me3,2,14510324
20180206_IRT_CellLineComp_14.raw,H3: K18un K23me3,2,6454868
20180206_IRT_CellLineComp_16.raw,H3: K18un K23me3,2,6676581
20180206_IRT_CellLineComp_17.raw,H3: K18un K23me3,2,6998258
20180206_IRT_CellLineComp_18.raw,H3: K18un K23me3,2,7314727
20180206_IRT_CellLineComp_01.raw,H3: K18un K23me3,3,0
20180206_IRT_CellLineComp_02.raw,H3: K18un K23me3,3,0
20180206_IRT_CellLineComp_03.raw,H3: K18un K23me3,3,0
20180206_IRT_CellLineComp_04.raw,H3: K18un K23me3,3,0
20180206_IRT_CellLineComp_06.raw,H3: K18un K23me3,3,0
20180206_IRT_CellLineComp_07.raw,H3: K18un K23me3,3,0
20180206_IRT_CellLineComp_08.raw,H3: K18un K23me3,3,0
20180206_IRT_CellLineComp_09.raw,H3: K18un K23me3,3,0
20180206_IRT_CellLineComp_11.raw,H3: K18un K23me3,3,0
20180206_IRT_CellLineComp_12.raw,H3: K18un K23me3,3,0
20180206_IRT_CellLineComp_13.raw,H3: K18un K23me3,3,0
20180206_IRT_CellLineComp_14.raw,H3: K18un K23me3,3,0
20180206_IRT_CellLineComp_16.raw,H3: K18un K23me3,3,0
20180206_IRT_CellLineComp_17.raw,H3: K18un K23me3,3,0
20180206_IRT_CellLineComp_18.raw,H3: K18un K23me3,3,0
20180206_IRT_CellLineComp_01.raw,H3: K18un K23un,2,10020769792
20180206_IRT_CellLineComp_02.raw,H3: K18un K23un,2,13461473280
20180206_IRT_CellLineComp_03.raw,H3: K18un K23un,2,17988112384
20180206_IRT_CellLineComp_04.raw,H3: K18un K23un,2,12548618240
20180206_IRT_CellLineComp_06.raw,H3: K18un K23un,2,15356478464
20180206_IRT_CellLineComp_07.raw,H3: K18un K23un,2,14131181568
20180206_IRT_CellLineComp_08.raw,H3: K18un K23un,2,13533407232
20180206_IRT_CellLineComp_09.raw,H3: K18un K23un,2,8669336576
20180206_IRT_CellLineComp_11.raw,H3: K18un K23un,2,12666923008
20180206_IRT_CellLineComp_12.raw,H3: K18un K23un,2,14352373760
20180206_IRT_CellLineComp_13.raw,H3: K18un K23un,2,19418976256
20180206_IRT_CellLineComp_14.raw,H3: K18un K23un,2,15145931776
20180206_IRT_CellLineComp_16.raw,H3: K18un K23un,2,17752702976
20180206_IRT_CellLineComp_17.raw,H3: K18un K23un,2,12950571008
20180206_IRT_CellLineComp_18.raw,H3: K18un K23un,2,18160447488
20180206_IRT_CellLineComp_01.raw,H3: K18un K23un,3,4539054
20180206_IRT_CellLineComp_02.raw,H3: K18un K23un,3,10675660
20180206_IRT_CellLineComp_03.raw,H3: K18un K23un,3,16073381
20180206_IRT_CellLineComp_04.raw,H3: K18un K23un,3,13834875
20180206_IRT_CellLineComp_06.raw,H3: K18un K23un,3,9030634
20180206_IRT_CellLineComp_07.raw,H3: K18un K23un,3,6728783
20180206_IRT_CellLineComp_08.raw,H3: K18un K23un,3,13409051
20180206_IRT_CellLineComp_09.raw,H3: K18un K23un,3,24561760
20180206_IRT_CellLineComp_11.raw,H3: K18un K23un,3,4452068
20180206_IRT_CellLineComp_12.raw,H3: K18un K23un,3,6676520
20180206_IRT_CellLineComp_13.raw,H3: K18un K23un,3,5843494
20180206_IRT_CellLineComp_14.raw,H3: K18un K23un,3,11588263
20180206_IRT_CellLineComp_16.raw,H3: K18un K23un,3,9030087
20180206_IRT_CellLineComp_17.raw,H3: K18un K23un,3,21091868
20180206_IRT_CellLineComp_18.raw,H3: K18un K23un,3,8671452
20180206_IRT_CellLineComp_01.raw,H3: K27ac K36me1,3,2229174
20180206_IRT_CellLineComp_02.raw,H3: K27ac K36me1,3,0
20180206_IRT_CellLineComp_03.raw,H3: K27ac K36me1,3,9540614
20180206_IRT_CellLineComp_04.raw,H3: K27ac K36me1,3,119197728
20180206_IRT_CellLineComp_06.raw,H3: K27ac K36me1,3,35431784
20180206_IRT_CellLineComp_07.raw,H3: K27ac K36me1,3,118973600
20180206_IRT_CellLineComp_08.raw,H3: K27ac K36me1,3,714727
20180206_IRT_CellLineComp_09.raw,H3: K27ac K36me1,3,200860
20180206_IRT_CellLineComp_11.raw,H3: K27ac K36me1,3,14119377
20180206_IRT_CellLineComp_12.raw,H3: K27ac K36me1,3,7346324
20180206_IRT_CellLineComp_13.raw,H3: K27ac K36me1,3,0
20180206_IRT_CellLineComp_14.raw,H3: K27ac K36me1,3,260659152
20180206_IRT_CellLineComp_16.raw,H3: K27ac K36me1,3,150939664
20180206_IRT_CellLineComp_17.raw,H3: K27ac K36me1,3,3239616
20180206_IRT_CellLineComp_18.raw,H3: K27ac K36me1,3,208350304
20180206_IRT_CellLineComp_01.raw,H3: K27ac K36me2,3,1426014
20180206_IRT_CellLineComp_02.raw,H3: K27ac K36me2,3,653999
20180206_IRT_CellLineComp_03.raw,H3: K27ac K36me2,3,1325580
20180206_IRT_CellLineComp_04.raw,H3: K27ac K36me2,3,1176147
20180206_IRT_CellLineComp_06.raw,H3: K27ac K36me2,3,1590947
20180206_IRT_CellLineComp_07.raw,H3: K27ac K36me2,3,372834
20180206_IRT_CellLineComp_08.raw,H3: K27ac K36me2,3,2181508
20180206_IRT_CellLineComp_09.raw,H3: K27ac K36me2,3,371656
20180206_IRT_CellLineComp_11.raw,H3: K27ac K36me2,3,805496
20180206_IRT_CellLineComp_12.raw,H3: K27ac K36me2,3,2525396
20180206_IRT_CellLineComp_13.raw,H3: K27ac K36me2,3,1624485
20180206_IRT_CellLineComp_14.raw,H3: K27ac K36me2,3,3098657
20180206_IRT_CellLineComp_16.raw,H3: K27ac K36me2,3,2223091
20180206_IRT_CellLineComp_17.raw,H3: K27ac K36me2,3,1196245
20180206_IRT_CellLineComp_18.raw,H3: K27ac K36me2,3,88525
20180206_IRT_CellLineComp_01.raw,H3: K27ac K36un,2,0
20180206_IRT_CellLineComp_02.raw,H3: K27ac K36un,2,0
20180206_IRT_CellLineComp_03.raw,H3: K27ac K36un,2,310487
20180206_IRT_CellLineComp_04.raw,H3: K27ac K36un,2,36950
20180206_IRT_CellLineComp_06.raw,H3: K27ac K36un,2,0
20180206_IRT_CellLineComp_07.raw,H3: K27ac K36un,2,0
20180206_IRT_CellLineComp_08.raw,H3: K27ac K36un,2,0
20180206_IRT_CellLineComp_09.raw,H3: K27ac K36un,2,6018639
20180206_IRT_CellLineComp_11.raw,H3: K27ac K36un,2,0
20180206_IRT_CellLineComp_12.raw,H3: K27ac K36un,2,69212
20180206_IRT_CellLineComp_13.raw,H3: K27ac K36un,2,0
20180206_IRT_CellLineComp_14.raw,H3: K27ac K36un,2,0
20180206_IRT_CellLineComp_16.raw,H3: K27ac K36un,2,47677
20180206_IRT_CellLineComp_17.raw,H3: K27ac K36un,2,0
20180206_IRT_CellLineComp_18.raw,H3: K27ac K36un,2,0
20180206_IRT_CellLineComp_01.raw,H3: K27ac K36un,3,0
20180206_IRT_CellLineComp_02.raw,H3: K27ac K36un,3,0
20180206_IRT_CellLineComp_03.raw,H3: K27ac K36un,3,4985122
20180206_IRT_CellLineComp_04.raw,H3: K27ac K36un,3,0
20180206_IRT_CellLineComp_06.raw,H3: K27ac K36un,3,0
20180206_IRT_CellLineComp_07.raw,H3: K27ac K36un,3,0
20180206_IRT_CellLineComp_08.raw,H3: K27ac K36un,3,0
20180206_IRT_CellLineComp_09.raw,H3: K27ac K36un,3,185548112
20180206_IRT_CellLineComp_11.raw,H3: K27ac K36un,3,679368
20180206_IRT_CellLineComp_12.raw,H3: K27ac K36un,3,0
20180206_IRT_CellLineComp_13.raw,H3: K27ac K36un,3,0
20180206_IRT_CellLineComp_14.raw,H3: K27ac K36un,3,1237092
20180206_IRT_CellLineComp_16.raw,H3: K27ac K36un,3,0
20180206_IRT_CellLineComp_17.raw,H3: K27ac K36un,3,7637
20180206_IRT_CellLineComp_18.raw,H3: K27ac K36un,3,0
20180206_IRT_CellLineComp_01.raw,H3: K27me1 K36me1,2,130487
20180206_IRT_CellLineComp_02.raw,H3: K27me1 K36me1,2,297126624
20180206_IRT_CellLineComp_03.raw,H3: K27me1 K36me1,2,454422080
20180206_IRT_CellLineComp_04.raw,H3: K27me1 K36me1,2,211953104
20180206_IRT_CellLineComp_06.raw,H3: K27me1 K36me1,2,350927008
20180206_IRT_CellLineComp_07.raw,H3: K27me1 K36me1,2,153039072
20180206_IRT_CellLineComp_08.raw,H3: K27me1 K36me1,2,268764480
20180206_IRT_CellLineComp_09.raw,H3: K27me1 K36me1,2,75822288
20180206_IRT_CellLineComp_11.raw,H3: K27me1 K36me1,2,336833
20180206_IRT_CellLineComp_12.raw,H3: K27me1 K36me1,2,319135776
20180206_IRT_CellLineComp_13.raw,H3: K27me1 K36me1,2,542206272
20180206_IRT_CellLineComp_14.raw,H3: K27me1 K36me1,2,370058048
20180206_IRT_CellLineComp_16.raw,H3: K27me1 K36me1,2,486287648
20180206_IRT_CellLineComp_17.raw,H3: K27me1 K36me1,2,107155128
20180206_IRT_CellLineComp_18.raw,H3: K27me1 K36me1,2,254722112
20180206_IRT_CellLineComp_01.raw,H3: K27me1 K36me1,3,125500
20180206_IRT_CellLineComp_02.raw,H3: K27me1 K36me1,3,235734320
20180206_IRT_CellLineComp_03.raw,H3: K27me1 K36me1,3,380353536
20180206_IRT_CellLineComp_04.raw,H3: K27me1 K36me1,3,141139760
20180206_IRT_CellLineComp_06.raw,H3: K27me1 K36me1,3,234155648
20180206_IRT_CellLineComp_07.raw,H3: K27me1 K36me1,3,124687400
20180206_IRT_CellLineComp_08.raw,H3: K27me1 K36me1,3,217114496
20180206_IRT_CellLineComp_09.raw,H3: K27me1 K36me1,3,50925312
20180206_IRT_CellLineComp_11.raw,H3: K27me1 K36me1,3,1556174
20180206_IRT_CellLineComp_12.raw,H3: K27me1 K36me1,3,216502624
20180206_IRT_CellLineComp_13.raw,H3: K27me1 K36me1,3,344481312
20180206_IRT_CellLineComp_14.raw,H3: K27me1 K36me1,3,183311328
20180206_IRT_CellLineComp_16.raw,H3: K27me1 K36me1,3,241806288
20180206_IRT_CellLineComp_17.raw,H3: K27me1 K36me1,3,86018504
20180206_IRT_CellLineComp_18.raw,H3: K27me1 K36me1,3,172310528
20180206_IRT_CellLineComp_01.raw,H3: K27me1 K36me2,2,18798538
20180206_IRT_CellLineComp_02.raw,H3: K27me1 K36me2,2,123401744
20180206_IRT_CellLineComp_03.raw,H3: K27me1 K36me2,2,133573392
20180206_IRT_CellLineComp_04.raw,H3: K27me1 K36me2,2,63387120
20180206_IRT_CellLineComp_06.raw,H3: K27me1 K36me2,2,82694752
20180206_IRT_CellLineComp_07.raw,H3: K27me1 K36me2,2,33948324
20180206_IRT_CellLineComp_08.raw,H3: K27me1 K36me2,2,65917512
20180206_IRT_CellLineComp_09.raw,H3: K27me1 K36me2,2,11628478
20180206_IRT_CellLineComp_11.raw,H3: K27me1 K36me2,2,17921014
20180206_IRT_CellLineComp_12.raw,H3: K27me1 K36me2,2,118159808
20180206_IRT_CellLineComp_13.raw,H3: K27me1 K36me2,2,95671752
20180206_IRT_CellLineComp_14.raw,H3: K27me1 K36me2,2,187630976
20180206_IRT_CellLineComp_16.raw,H3: K27me1 K36me2,2,98556672
20180206_IRT_CellLineComp_17.raw,H3: K27me1 K36me2,2,34007092
20180206_IRT_CellLineComp_18.raw,H3: K27me1 K36me2,2,121641880
20180206_IRT_CellLineComp_01.raw,H3: K27me1 K36me2,3,422063872
20180206_IRT_CellLineComp_02.raw,H3: K27me1 K36me2,3,2159286784
20180206_IRT_CellLineComp_03.raw,H3: K27me1 K36me2,3,2310569216
20180206_IRT_CellLineComp_04.raw,H3: K27me1 K36me2,3,1427024512
20180206_IRT_CellLineComp_06.raw,H3: K27me1 K36me2,3,1622797056
20180206_IRT_CellLineComp_07.raw,H3: K27me1 K36me2,3,849050048
20180206_IRT_CellLineComp_08.raw,H3: K27me1 K36me2,3,1592262400
20180206_IRT_CellLineComp_09.raw,H3: K27me1 K36me2,3,368402528
20180206_IRT_CellLineComp_11.raw,H3: K27me1 K36me2,3,551225280
20180206_IRT_CellLineComp_12.raw,H3: K27me1 K36me2,3,1992038144
20180206_IRT_CellLineComp_13.raw,H3: K27me1 K36me2,3,2281225216
20180206_IRT_CellLineComp_14.raw,H3: K27me1 K36me2,3,2551945984
20180206_IRT_CellLineComp_16.raw,H3: K27me1 K36me2,3,2188580096
20180206_IRT_CellLineComp_17.raw,H3: K27me1 K36me2,3,547605888
20180206_IRT_CellLineComp_18.raw,H3: K27me1 K36me2,3,1289810688
20180206_IRT_CellLineComp_01.raw,H3: K27me1 K36me3,3,207850560
20180206_IRT_CellLineComp_02.raw,H3: K27me1 K36me3,3,512272096
20180206_IRT_CellLineComp_03.raw,H3: K27me1 K36me3,3,477535072
20180206_IRT_CellLineComp_04.raw,H3: K27me1 K36me3,3,310120992
20180206_IRT_CellLineComp_06.raw,H3: K27me1 K36me3,3,371799488
20180206_IRT_CellLineComp_07.raw,H3: K27me1 K36me3,3,320451968
20180206_IRT_CellLineComp_08.raw,H3: K27me1 K36me3,3,378766816
20180206_IRT_CellLineComp_09.raw,H3: K27me1 K36me3,3,171603456
20180206_IRT_CellLineComp_11.raw,H3: K27me1 K36me3,3,2263082
20180206_IRT_CellLineComp_12.raw,H3: K27me1 K36me3,3,436081760
20180206_IRT_CellLineComp_13.raw,H3: K27me1 K36me3,3,423417952
20180206_IRT_CellLineComp_14.raw,H3: K27me1 K36me3,3,666994624
20180206_IRT_CellLineComp_16.raw,H3: K27me1 K36me3,3,438952064
20180206_IRT_CellLineComp_17.raw,H3: K27me1 K36me3,3,269151552
20180206_IRT_CellLineComp_18.raw,H3: K27me1 K36me3,3,640659904
20180206_IRT_CellLineComp_01.raw,H3: K27me1 K36un,2,246186768
20180206_IRT_CellLineComp_02.raw,H3: K27me1 K36un,2,833582016
20180206_IRT_CellLineComp_03.raw,H3: K27me1 K36un,2,624212480
20180206_IRT_CellLineComp_04.raw,H3: K27me1 K36un,2,484312576
20180206_IRT_CellLineComp_06.raw,H3: K27me1 K36un,2,1038681216
20180206_IRT_CellLineComp_07.raw,H3: K27me1 K36un,2,1026502976
20180206_IRT_CellLineComp_08.raw,H3: K27me1 K36un,2,485316416
20180206_IRT_CellLineComp_09.raw,H3: K27me1 K36un,2,245158560
20180206_IRT_CellLineComp_11.raw,H3: K27me1 K36un,2,900599552
20180206_IRT_CellLineComp_12.raw,H3: K27me1 K36un,2,930936896
20180206_IRT_CellLineComp_13.raw,H3: K27me1 K36un,2,803216192
20180206_IRT_CellLineComp_14.raw,H3: K27me1 K36un,2,661917824
20180206_IRT_CellLineComp_16.raw,H3: K27me1 K36un,2,739480576
20180206_IRT_CellLineComp_17.raw,H3: K27me1 K36un,2,0
20180206_IRT_CellLineComp_18.raw,H3: K27me1 K36un,2,1585085184
20180206_IRT_CellLineComp_01.raw,H3: K27me1 K36un,3,238064288
20180206_IRT_CellLineComp_02.raw,H3: K27me1 K36un,3,869296064
20180206_IRT_CellLineComp_03.raw,H3: K27me1 K36un,3,643505280
20180206_IRT_CellLineComp_04.raw,H3: K27me1 K36un,3,468313856
20180206_IRT_CellLineComp_06.raw,H3: K27me1 K36un,3,1022569920
20180206_IRT_CellLineComp_07.raw,H3: K27me1 K36un,3,1083215360
20180206_IRT_CellLineComp_08.raw,H3: K27me1 K36un,3,505040800
20180206_IRT_CellLineComp_09.raw,H3: K27me1 K36un,3,268704192
20180206_IRT_CellLineComp_11.raw,H3: K27me1 K36un,3,764350464
20180206_IRT_CellLineComp_12.raw,H3: K27me1 K36un,3,875316608
20180206_IRT_CellLineComp_13.raw,H3: K27me1 K36un,3,663162816
20180206_IRT_CellLineComp_14.raw,H3: K27me1 K36un,3,509575232
20180206_IRT_CellLineComp_16.raw,H3: K27me1 K36un,3,539206464
20180206_IRT_CellLineComp_17.raw,H3: K27me1 K36un,3,553824
20180206_IRT_CellLineComp_18.raw,H3: K27me1 K36un,3,1472555264
20180206_IRT_CellLineComp_01.raw,H3: K27me2 K36me1,2,64538288
20180206_IRT_CellLineComp_02.raw,H3: K27me2 K36me1,2,126518144
20180206_IRT_CellLineComp_03.raw,H3: K27me2 K36me1,2,173297280
20180206_IRT_CellLineComp_04.raw,H3: K27me2 K36me1,2,56794712
20180206_IRT_CellLineComp_06.raw,H3: K27me2 K36me1,2,177297984
20180206_IRT_CellLineComp_07.raw,H3: K27me2 K36me1,2,126717032
20180206_IRT_CellLineComp_08.raw,H3: K27me2 K36me1,2,118222888
20180206_IRT_CellLineComp_09.raw,H3: K27me2 K36me1,2,55963500
20180206_IRT_CellLineComp_11.raw,H3: K27me2 K36me1,2,63215280
20180206_IRT_CellLineComp_12.raw,H3: K27me2 K36me1,2,135231840
20180206_IRT_CellLineComp_13.raw,H3: K27me2 K36me1,2,126665312
20180206_IRT_CellLineComp_14.raw,H3: K27me2 K36me1,2,265364960
20180206_IRT_CellLineComp_16.raw,H3: K27me2 K36me1,2,127294800
20180206_IRT_CellLineComp_17.raw,H3: K27me2 K36me1,2,67421280
20180206_IRT_CellLineComp_18.raw,H3: K27me2 K36me1,2,261798368
20180206_IRT_CellLineComp_01.raw,H3: K27me2 K36me1,3,1119543552
20180206_IRT_CellLineComp_02.raw,H3: K27me2 K36me1,3,2445941248
20180206_IRT_CellLineComp_03.raw,H3: K27me2 K36me1,3,3562213632
20180206_IRT_CellLineComp_04.raw,H3: K27me2 K36me1,3,1317876992
20180206_IRT_CellLineComp_06.raw,H3: K27me2 K36me1,3,3437868032
20180206_IRT_CellLineComp_07.raw,H3: K27me2 K36me1,3,3881679872
20180206_IRT_CellLineComp_08.raw,H3: K27me2 K36me1,3,2338598144
20180206_IRT_CellLineComp_09.raw,H3: K27me2 K36me1,3,1152774656
20180206_IRT_CellLineComp_11.raw,H3: K27me2 K36me1,3,2439689216
20180206_IRT_CellLineComp_12.raw,H3: K27me2 K36me1,3,2908405248
20180206_IRT_CellLineComp_13.raw,H3: K27me2 K36me1,3,3460295168
20180206_IRT_CellLineComp_14.raw,H3: K27me2 K36me1,3,4396012544
20180206_IRT_CellLineComp_16.raw,H3: K27me2 K36me1,3,3372404992
20180206_IRT_CellLineComp_17.raw,H3: K27me2 K36me1,3,1374143616
20180206_IRT_CellLineComp_18.raw,H3: K27me2 K36me1,3,5917543424
20180206_IRT_CellLineComp_01.raw,H3: K27me2 K36me2,3,0
20180206_IRT_CellLineComp_02.raw,H3: K27me2 K36me2,3,534171072
20180206_IRT_CellLineComp_03.raw,H3: K27me2 K36me2,3,762311680
20180206_IRT_CellLineComp_04.raw,H3: K27me2 K36me2,3,460116960
20180206_IRT_CellLineComp_06.raw,H3: K27me2 K36me2,3,683003392
20180206_IRT_CellLineComp_07.raw,H3: K27me2 K36me2,3,0
20180206_IRT_CellLineComp_08.raw,H3: K27me2 K36me2,3,439884480
20180206_IRT_CellLineComp_09.raw,H3: K27me2 K36me2,3,123396384
20180206_IRT_CellLineComp_11.raw,H3: K27me2 K36me2,3,0
20180206_IRT_CellLineComp_12.raw,H3: K27me2 K36me2,3,0
20180206_IRT_CellLineComp_13.raw,H3: K27me2 K36me2,3,426801696
20180206_IRT_CellLineComp_14.raw,H3: K27me2 K36me2,3,552583488
20180206_IRT_CellLineComp_16.raw,H3: K27me2 K36me2,3,239465360
20180206_IRT_CellLineComp_17.raw,H3: K27me2 K36me2,3,0
20180206_IRT_CellLineComp_18.raw,H3: K27me2 K36me2,3,75873784
20180206_IRT_CellLineComp_01.raw,H3: K27me2 K36me3,3,3519796
20180206_IRT_CellLineComp_02.raw,H3: K27me2 K36me3,3,1413967
20180206_IRT_CellLineComp_03.raw,H3: K27me2 K36me3,3,5274178
20180206_IRT_CellLineComp_04.raw,H3: K27me2 K36me3,3,2695965
20180206_IRT_CellLineComp_06.raw,H3: K27me2 K36me3,3,2946816
20180206_IRT_CellLineComp_07.raw,H3: K27me2 K36me3,3,8700202
20180206_IRT_CellLineComp_08.raw,H3: K27me2 K36me3,3,11419616
20180206_IRT_CellLineComp_09.raw,H3: K27me2 K36me3,3,14780697
20180206_IRT_CellLineComp_11.raw,H3: K27me2 K36me3,3,5123526
20180206_IRT_CellLineComp_12.raw,H3: K27me2 K36me3,3,2672892
20180206_IRT_CellLineComp_13.raw,H3: K27me2 K36me3,3,3472567
20180206_IRT_CellLineComp_14.raw,H3: K27me2 K36me3,3,6358614
20180206_IRT_CellLineComp_16.raw,H3: K27me2 K36me3,3,3934366
20180206_IRT_CellLineComp_17.raw,H3: K27me2 K36me3,3,1702350
20180206_IRT_CellLineComp_18.raw,H3: K27me2 K36me3,3,11737916
20180206_IRT_CellLineComp_01.raw,H3: K27me2 K36un,2,289982560
20180206_IRT_CellLineComp_02.raw,H3: K27me2 K36un,2,176352672
20180206_IRT_CellLineComp_03.raw,H3: K27me2 K36un,2,388486016
20180206_IRT_CellLineComp_04.raw,H3: K27me2 K36un,2,317015168
20180206_IRT_CellLineComp_06.raw,H3: K27me2 K36un,2,314430336
20180206_IRT_CellLineComp_07.raw,H3: K27me2 K36un,2,614534464
20180206_IRT_CellLineComp_08.raw,H3: K27me2 K36un,2,278663360
20180206_IRT_CellLineComp_09.raw,H3: K27me2 K36un,2,127719936
20180206_IRT_CellLineComp_11.raw,H3: K27me2 K36un,2,299479360
20180206_IRT_CellLineComp_12.raw,H3: K27me2 K36un,2,296393728
20180206_IRT_CellLineComp_13.raw,H3: K27me2 K36un,2,247720096
20180206_IRT_CellLineComp_14.raw,H3: K27me2 K36un,2,527689696
20180206_IRT_CellLineComp_16.raw,H3: K27me2 K36un,2,218778688
20180206_IRT_CellLineComp_17.raw,H3: K27me2 K36un,2,252934240
20180206_IRT_CellLineComp_18.raw,H3: K27me2 K36un,2,1079775616
20180206_IRT_CellLineComp_01.raw,H3: K27me2 K36un,3,5011788800
20180206_IRT_CellLineComp_02.raw,H3: K27me2 K36un,3,4328382976
20180206_IRT_CellLineComp_03.raw,H3: K27me2 K36un,3,7075532288
20180206_IRT_CellLineComp_04.raw,H3: K27me2 K36un,3,5794546688
20180206_IRT_CellLineComp_06.raw,H3: K27me2 K36un,3,5790098944
20180206_IRT_CellLineComp_07.raw,H3: K27me2 K36un,3,11736790016
20180206_IRT_CellLineComp_08.raw,H3: K27me2 K36un,3,5776997376
20180206_IRT_CellLineComp_09.raw,H3: K27me2 K36un,3,3303469056
20180206_IRT_CellLineComp_11.raw,H3: K27me2 K36un,3,7560292864
20180206_IRT_CellLineComp_12.raw,H3: K27me2 K36un,3,5547590144
20180206_IRT_CellLineComp_13.raw,H3: K27me2 K36un,3,5650395136
20180206_IRT_CellLineComp_14.raw,H3: K27me2 K36un,3,8746062848
20180206_IRT_CellLineComp_16.raw,H3: K27me2 K36un,3,5434493952
20180206_IRT_CellLineComp_17.raw,H3: K27me2 K36un,3,4822131712
20180206_IRT_CellLineComp_18.raw,H3: K27me2 K36un,3,17041546240
20180206_IRT_CellLineComp_01.raw,H3: K27me3 K36me1,3,414699520
20180206_IRT_CellLineComp_02.raw,H3: K27me3 K36me1,3,480532768
20180206_IRT_CellLineComp_03.raw,H3: K27me3 K36me1,3,477641600
20180206_IRT_CellLineComp_04.raw,H3: K27me3 K36me1,3,336028800
20180206_IRT_CellLineComp_06.raw,H3: K27me3 K36me1,3,601465344
20180206_IRT_CellLineComp_07.raw,H3: K27me3 K36me1,3,299619072
20180206_IRT_CellLineComp_08.raw,H3: K27me3 K36me1,3,577154624
20180206_IRT_CellLineComp_09.raw,H3: K27me3 K36me1,3,359444800
20180206_IRT_CellLineComp_11.raw,H3: K27me3 K36me1,3,374614
20180206_IRT_CellLineComp_12.raw,H3: K27me3 K36me1,3,486802752
20180206_IRT_CellLineComp_13.raw,H3: K27me3 K36me1,3,395652384
20180206_IRT_CellLineComp_14.raw,H3: K27me3 K36me1,3,1128508544
20180206_IRT_CellLineComp_16.raw,H3: K27me3 K36me1,3,471033408
20180206_IRT_CellLineComp_17.raw,H3: K27me3 K36me1,3,493322336
20180206_IRT_CellLineComp_18.raw,H3: K27me3 K36me1,3,669915
20180206_IRT_CellLineComp_01.raw,H3: K27me3 K36me2,3,3519796
20180206_IRT_CellLineComp_02.raw,H3: K27me3 K36me2,3,1413967
20180206_IRT_CellLineComp_03.raw,H3: K27me3 K36me2,3,5274178
20180206_IRT_CellLineComp_04.raw,H3: K27me3 K36me2,3,2695965
20180206_IRT_CellLineComp_06.raw,H3: K27me3 K36me2,3,2946816
20180206_IRT_CellLineComp_07.raw,H3: K27me3 K36me2,3,8700202
20180206_IRT_CellLineComp_08.raw,H3: K27me3 K36me2,3,11419616
20180206_IRT_CellLineComp_09.raw,H3: K27me3 K36me2,3,14780697
20180206_IRT_CellLineComp_11.raw,H3: K27me3 K36me2,3,5123526
20180206_IRT_CellLineComp_12.raw,H3: K27me3 K36me2,3,2672892
20180206_IRT_CellLineComp_13.raw,H3: K27me3 K36me2,3,3472567
20180206_IRT_CellLineComp_14.raw,H3: K27me3 K36me2,3,6358614
20180206_IRT_CellLineComp_16.raw,H3: K27me3 K36me2,3,6124951
20180206_IRT_CellLineComp_17.raw,H3: K27me3 K36me2,3,1702350
20180206_IRT_CellLineComp_18.raw,H3: K27me3 K36me2,3,11737916
20180206_IRT_CellLineComp_01.raw,H3: K27me3 K36me3,3,0
20180206_IRT_CellLineComp_02.raw,H3: K27me3 K36me3,3,0
20180206_IRT_CellLineComp_03.raw,H3: K27me3 K36me3,3,0
20180206_IRT_CellLineComp_04.raw,H3: K27me3 K36me3,3,0
20180206_IRT_CellLineComp_06.raw,H3: K27me3 K36me3,3,0
20180206_IRT_CellLineComp_07.raw,H3: K27me3 K36me3,3,0
20180206_IRT_CellLineComp_08.raw,H3: K27me3 K36me3,3,0
20180206_IRT_CellLineComp_09.raw,H3: K27me3 K36me3,3,0
20180206_IRT_CellLineComp_11.raw,H3: K27me3 K36me3,3,0
20180206_IRT_CellLineComp_12.raw,H3: K27me3 K36me3,3,0
20180206_IRT_CellLineComp_13.raw,H3: K27me3 K36me3,3,0
20180206_IRT_CellLineComp_14.raw,H3: K27me3 K36me3,3,0
20180206_IRT_CellLineComp_16.raw,H3: K27me3 K36me3,3,345546
20180206_IRT_CellLineComp_17.raw,H3: K27me3 K36me3,3,0
20180206_IRT_CellLineComp_18.raw,H3: K27me3 K36me3,3,0
20180206_IRT_CellLineComp_01.raw,H3: K27me3 K36un,3,2016633856
20180206_IRT_CellLineComp_02.raw,H3: K27me3 K36un,3,1269677440
20180206_IRT_CellLineComp_03.raw,H3: K27me3 K36un,3,1774296448
20180206_IRT_CellLineComp_04.raw,H3: K27me3 K36un,3,2841946368
20180206_IRT_CellLineComp_06.raw,H3: K27me3 K36un,3,1717012480
20180206_IRT_CellLineComp_07.raw,H3: K27me3 K36un,3,3881679872
20180206_IRT_CellLineComp_08.raw,H3: K27me3 K36un,3,3050317312
20180206_IRT_CellLineComp_09.raw,H3: K27me3 K36un,3,1405166336
20180206_IRT_CellLineComp_11.raw,H3: K27me3 K36un,3,2439689216
20180206_IRT_CellLineComp_12.raw,H3: K27me3 K36un,3,1601662464
20180206_IRT_CellLineComp_13.raw,H3: K27me3 K36un,3,1328309760
20180206_IRT_CellLineComp_14.raw,H3: K27me3 K36un,3,5021646848
20180206_IRT_CellLineComp_16.raw,H3: K27me3 K36un,3,1331585536
20180206_IRT_CellLineComp_17.raw,H3: K27me3 K36un,3,2041210624
20180206_IRT_CellLineComp_18.raw,H3: K27me3 K36un,3,5917543424
20180206_IRT_CellLineComp_01.raw,H3: K27un K36me1,2,0
20180206_IRT_CellLineComp_02.raw,H3: K27un K36me1,2,164805984
20180206_IRT_CellLineComp_03.raw,H3: K27un K36me1,2,286540736
20180206_IRT_CellLineComp_04.raw,H3: K27un K36me1,2,0
20180206_IRT_CellLineComp_06.raw,H3: K27un K36me1,2,200193696
20180206_IRT_CellLineComp_07.raw,H3: K27un K36me1,2,191757232
20180206_IRT_CellLineComp_08.raw,H3: K27un K36me1,2,2006539
20180206_IRT_CellLineComp_09.raw,H3: K27un K36me1,2,0
20180206_IRT_CellLineComp_11.raw,H3: K27un K36me1,2,130737344
20180206_IRT_CellLineComp_12.raw,H3: K27un K36me1,2,200805408
20180206_IRT_CellLineComp_13.raw,H3: K27un K36me1,2,339165216
20180206_IRT_CellLineComp_14.raw,H3: K27un K36me1,2,1005910
20180206_IRT_CellLineComp_16.raw,H3: K27un K36me1,2,305696992
20180206_IRT_CellLineComp_17.raw,H3: K27un K36me1,2,480573
20180206_IRT_CellLineComp_18.raw,H3: K27un K36me1,2,239833984
20180206_IRT_CellLineComp_01.raw,H3: K27un K36me1,3,1665338
20180206_IRT_CellLineComp_02.raw,H3: K27un K36me1,3,178454384
20180206_IRT_CellLineComp_03.raw,H3: K27un K36me1,3,331931904
20180206_IRT_CellLineComp_04.raw,H3: K27un K36me1,3,17635796
20180206_IRT_CellLineComp_06.raw,H3: K27un K36me1,3,242796768
20180206_IRT_CellLineComp_07.raw,H3: K27un K36me1,3,216642016
20180206_IRT_CellLineComp_08.raw,H3: K27un K36me1,3,4900814
20180206_IRT_CellLineComp_09.raw,H3: K27un K36me1,3,601659
20180206_IRT_CellLineComp_11.raw,H3: K27un K36me1,3,138203728
20180206_IRT_CellLineComp_12.raw,H3: K27un K36me1,3,241361056
20180206_IRT_CellLineComp_13.raw,H3: K27un K36me1,3,333320960
20180206_IRT_CellLineComp_14.raw,H3: K27un K36me1,3,53529816
20180206_IRT_CellLineComp_16.raw,H3: K27un K36me1,3,276311840
20180206_IRT_CellLineComp_17.raw,H3: K27un K36me1,3,4621592
20180206_IRT_CellLineComp_18.raw,H3: K27un K36me1,3,177861504
20180206_IRT_CellLineComp_01.raw,H3: K27un K36me2,2,0
20180206_IRT_CellLineComp_02.raw,H3: K27un K36me2,2,0
20180206_IRT_CellLineComp_03.raw,H3: K27un K36me2,2,0
20180206_IRT_CellLineComp_04.raw,H3: K27un K36me2,2,0
20180206_IRT_CellLineComp_06.raw,H3: K27un K36me2,2,0
20180206_IRT_CellLineComp_07.raw,H3: K27un K36me2,2,329878
20180206_IRT_CellLineComp_08.raw,H3: K27un K36me2,2,0
20180206_IRT_CellLineComp_09.raw,H3: K27un K36me2,2,0
20180206_IRT_CellLineComp_11.raw,H3: K27un K36me2,2,151686
20180206_IRT_CellLineComp_12.raw,H3: K27un K36me2,2,0
20180206_IRT_CellLineComp_13.raw,H3: K27un K36me2,2,0
20180206_IRT_CellLineComp_14.raw,H3: K27un K36me2,2,0
20180206_IRT_CellLineComp_16.raw,H3: K27un K36me2,2,0
20180206_IRT_CellLineComp_17.raw,H3: K27un K36me2,2,0
20180206_IRT_CellLineComp_18.raw,H3: K27un K36me2,2,400228
20180206_IRT_CellLineComp_01.raw,H3: K27un K36me2,3,6701036
20180206_IRT_CellLineComp_02.raw,H3: K27un K36me2,3,6447050
20180206_IRT_CellLineComp_03.raw,H3: K27un K36me2,3,19340904
20180206_IRT_CellLineComp_04.raw,H3: K27un K36me2,3,14847919
20180206_IRT_CellLineComp_06.raw,H3: K27un K36me2,3,14484673
20180206_IRT_CellLineComp_07.raw,H3: K27un K36me2,3,25958654
20180206_IRT_CellLineComp_08.raw,H3: K27un K36me2,3,20164132
20180206_IRT_CellLineComp_09.raw,H3: K27un K36me2,3,9349268
20180206_IRT_CellLineComp_11.raw,H3: K27un K36me2,3,26021848
20180206_IRT_CellLineComp_12.raw,H3: K27un K36me2,3,14153855
20180206_IRT_CellLineComp_13.raw,H3: K27un K36me2,3,24784560
20180206_IRT_CellLineComp_14.raw,H3: K27un K36me2,3,15922411
20180206_IRT_CellLineComp_16.raw,H3: K27un K36me2,3,15919943
20180206_IRT_CellLineComp_17.raw,H3: K27un K36me2,3,9850358
20180206_IRT_CellLineComp_18.raw,H3: K27un K36me2,3,8212218
20180206_IRT_CellLineComp_01.raw,H3: K27un K36me3,3,1119543552
20180206_IRT_CellLineComp_02.raw,H3: K27un K36me3,3,1269677440
20180206_IRT_CellLineComp_03.raw,H3: K27un K36me3,3,3562213632
20180206_IRT_CellLineComp_04.raw,H3: K27un K36me3,3,1673152640
20180206_IRT_CellLineComp_06.raw,H3: K27un K36me3,3,3437868032
20180206_IRT_CellLineComp_07.raw,H3: K27un K36me3,3,3881679872
20180206_IRT_CellLineComp_08.raw,H3: K27un K36me3,3,2338598144
20180206_IRT_CellLineComp_09.raw,H3: K27un K36me3,3,1405166336
20180206_IRT_CellLineComp_11.raw,H3: K27un K36me3,3,2439689216
20180206_IRT_CellLineComp_12.raw,H3: K27un K36me3,3,1601662464
20180206_IRT_CellLineComp_13.raw,H3: K27un K36me3,3,3380269056
20180206_IRT_CellLineComp_14.raw,H3: K27un K36me3,3,4519857152
20180206_IRT_CellLineComp_16.raw,H3: K27un K36me3,3,3372404992
20180206_IRT_CellLineComp_17.raw,H3: K27un K36me3,3,1374143616
20180206_IRT_CellLineComp_18.raw,H3: K27un K36me3,3,5917543424
20180206_IRT_CellLineComp_01.raw,H3: K27un K36un,2,144678
20180206_IRT_CellLineComp_02.raw,H3: K27un K36un,2,913376256
20180206_IRT_CellLineComp_03.raw,H3: K27un K36un,2,551564352
20180206_IRT_CellLineComp_04.raw,H3: K27un K36un,2,470426944
20180206_IRT_CellLineComp_06.raw,H3: K27un K36un,2,1146581632
20180206_IRT_CellLineComp_07.raw,H3: K27un K36un,2,868593088
20180206_IRT_CellLineComp_08.raw,H3: K27un K36un,2,703104
20180206_IRT_CellLineComp_09.raw,H3: K27un K36un,2,0
20180206_IRT_CellLineComp_11.raw,H3: K27un K36un,2,2349282
20180206_IRT_CellLineComp_12.raw,H3: K27un K36un,2,1060117056
20180206_IRT_CellLineComp_13.raw,H3: K27un K36un,2,1847253
20180206_IRT_CellLineComp_14.raw,H3: K27un K36un,2,662442112
20180206_IRT_CellLineComp_16.raw,H3: K27un K36un,2,684312
20180206_IRT_CellLineComp_17.raw,H3: K27un K36un,2,0
20180206_IRT_CellLineComp_18.raw,H3: K27un K36un,2,2258057
20180206_IRT_CellLineComp_01.raw,H3: K27un K36un,3,2184785
20180206_IRT_CellLineComp_02.raw,H3: K27un K36un,3,1182008832
20180206_IRT_CellLineComp_03.raw,H3: K27un K36un,3,695197120
20180206_IRT_CellLineComp_04.raw,H3: K27un K36un,3,621643008
20180206_IRT_CellLineComp_06.raw,H3: K27un K36un,3,1497197568
20180206_IRT_CellLineComp_07.raw,H3: K27un K36un,3,1020870208
20180206_IRT_CellLineComp_08.raw,H3: K27un K36un,3,8896869
20180206_IRT_CellLineComp_09.raw,H3: K27un K36un,3,7827086
20180206_IRT_CellLineComp_11.raw,H3: K27un K36un,3,9110359
20180206_IRT_CellLineComp_12.raw,H3: K27un K36un,3,1130320384
20180206_IRT_CellLineComp_13.raw,H3: K27un K36un,3,7827858
20180206_IRT_CellLineComp_14.raw,H3: K27un K36un,3,701943360
20180206_IRT_CellLineComp_16.raw,H3: K27un K36un,3,1746879
20180206_IRT_CellLineComp_17.raw,H3: K27un K36un,3,6248033
20180206_IRT_CellLineComp_18.raw,H3: K27un K36un,3,4979945
20180206_IRT_CellLineComp_01.raw,H3: K4ac,2,0
20180206_IRT_CellLineComp_02.raw,H3: K4ac,2,0
20180206_IRT_CellLineComp_03.raw,H3: K4ac,2,0
20180206_IRT_CellLineComp_04.raw,H3: K4ac,2,0
20180206_IRT_CellLineComp_06.raw,H3: K4ac,2,266846
20180206_IRT_CellLineComp_07.raw,H3: K4ac,2,0
20180206_IRT_CellLineComp_08.raw,H3: K4ac,2,0
20180206_IRT_CellLineComp_09.raw,H3: K4ac,2,0
20180206_IRT_CellLineComp_11.raw,H3: K4ac,2,88569
20180206_IRT_CellLineComp_12.raw,H3: K4ac,2,0
20180206_IRT_CellLineComp_13.raw,H3: K4ac,2,0
20180206_IRT_CellLineComp_14.raw,H3: K4ac,2,0
20180206_IRT_CellLineComp_16.raw,H3: K4ac,2,0
20180206_IRT_CellLineComp_17.raw,H3: K4ac,2,0
20180206_IRT_CellLineComp_18.raw,H3: K4ac,2,0
20180206_IRT_CellLineComp_01.raw,H3: K4me1,2,716738432
20180206_IRT_CellLineComp_02.raw,H3: K4me1,2,329945408
20180206_IRT_CellLineComp_03.raw,H3: K4me1,2,795345600
20180206_IRT_CellLineComp_04.raw,H3: K4me1,2,1516880768
20180206_IRT_CellLineComp_06.raw,H3: K4me1,2,451898560
20180206_IRT_CellLineComp_07.raw,H3: K4me1,2,1082632064
20180206_IRT_CellLineComp_08.raw,H3: K4me1,2,1458381312
20180206_IRT_CellLineComp_09.raw,H3: K4me1,2,599059328
20180206_IRT_CellLineComp_11.raw,H3: K4me1,2,680454016
20180206_IRT_CellLineComp_12.raw,H3: K4me1,2,418956832
20180206_IRT_CellLineComp_13.raw,H3: K4me1,2,739610688
20180206_IRT_CellLineComp_14.raw,H3: K4me1,2,1602377984
20180206_IRT_CellLineComp_16.raw,H3: K4me1,2,681806656
20180206_IRT_CellLineComp_17.raw,H3: K4me1,2,750318336
20180206_IRT_CellLineComp_18.raw,H3: K4me1,2,1483732480
20180206_IRT_CellLineComp_01.raw,H3: K4me2,2,18360
20180206_IRT_CellLineComp_02.raw,H3: K4me2,2,157593
20180206_IRT_CellLineComp_03.raw,H3: K4me2,2,0
20180206_IRT_CellLineComp_04.raw,H3: K4me2,2,175426
20180206_IRT_CellLineComp_06.raw,H3: K4me2,2,270155
20180206_IRT_CellLineComp_07.raw,H3: K4me2,2,123358704
20180206_IRT_CellLineComp_08.raw,H3: K4me2,2,79039
20180206_IRT_CellLineComp_09.raw,H3: K4me2,2,958050
20180206_IRT_CellLineComp_11.raw,H3: K4me2,2,166441
20180206_IRT_CellLineComp_12.raw,H3: K4me2,2,148339
20180206_IRT_CellLineComp_13.raw,H3: K4me2,2,95823632
20180206_IRT_CellLineComp_14.raw,H3: K4me2,2,0
20180206_IRT_CellLineComp_16.raw,H3: K4me2,2,74484656
20180206_IRT_CellLineComp_17.raw,H3: K4me2,2,282496
20180206_IRT_CellLineComp_18.raw,H3: K4me2,2,609175
20180206_IRT_CellLineComp_01.raw,H3: K4me3,2,0
20180206_IRT_CellLineComp_02.raw,H3: K4me3,2,0
20180206_IRT_CellLineComp_03.raw,H3: K4me3,2,0
20180206_IRT_CellLineComp_04.raw,H3: K4me3,2,242495
20180206_IRT_CellLineComp_06.raw,H3: K4me3,2,0
20180206_IRT_CellLineComp_07.raw,H3: K4me3,2,128948
20180206_IRT_CellLineComp_08.raw,H3: K4me3,2,0
20180206_IRT_CellLineComp_09.raw,H3: K4me3,2,57558
20180206_IRT_CellLineComp_11.raw,H3: K4me3,2,0
20180206_IRT_CellLineComp_12.raw,H3: K4me3,2,0
20180206_IRT_CellLineComp_13.raw,H3: K4me3,2,85435
20180206_IRT_CellLineComp_14.raw,H3: K4me3,2,0
20180206_IRT_CellLineComp_16.raw,H3: K4me3,2,0
20180206_IRT_CellLineComp_17.raw,H3: K4me3,2,0
20180206_IRT_CellLineComp_18.raw,H3: K4me3,2,0
20180206_IRT_CellLineComp_01.raw,H3: K4un,2,4779230208
20180206_IRT_CellLineComp_02.raw,H3: K4un,2,6319269376
20180206_IRT_CellLineComp_03.raw,H3: K4un,2,8450498048
20180206_IRT_CellLineComp_04.raw,H3: K4un,2,8866536448
20180206_IRT_CellLineComp_06.raw,H3: K4un,2,8769101824
20180206_IRT_CellLineComp_07.raw,H3: K4un,2,8527246848
20180206_IRT_CellLineComp_08.raw,H3: K4un,2,7759891456
20180206_IRT_CellLineComp_09.raw,H3: K4un,2,5620378112
20180206_IRT_CellLineComp_11.raw,H3: K4un,2,4957757952
20180206_IRT_CellLineComp_12.raw,H3: K4un,2,9250226176
20180206_IRT_CellLineComp_13.raw,H3: K4un,2,9219187712
20180206_IRT_CellLineComp_14.raw,H3: K4un,2,7173738496
20180206_IRT_CellLineComp_16.raw,H3: K4un,2,6270090752
20180206_IRT_CellLineComp_17.raw,H3: K4un,2,6131766784
20180206_IRT_CellLineComp_18.raw,H3: K4un,2,12372245504
20180206_IRT_CellLineComp_01.raw,H3: K56un,2,196346432
20180206_IRT_CellLineComp_02.raw,H3: K56un,2,209303920
20180206_IRT_CellLineComp_03.raw,H3: K56un,2,323279104
20180206_IRT_CellLineComp_04.raw,H3: K56un,2,317837088
20180206_IRT_CellLineComp_06.raw,H3: K56un,2,76711128
20180206_IRT_CellLineComp_07.raw,H3: K56un,2,116523752
20180206_IRT_CellLineComp_08.raw,H3: K56un,2,117132328
20180206_IRT_CellLineComp_09.raw,H3: K56un,2,56572388
20180206_IRT_CellLineComp_11.raw,H3: K56un,2,57620240
20180206_IRT_CellLineComp_12.raw,H3: K56un,2,63767632
20180206_IRT_CellLineComp_13.raw,H3: K56un,2,53049132
20180206_IRT_CellLineComp_14.raw,H3: K56un,2,88930752
20180206_IRT_CellLineComp_16.raw,H3: K56un,2,63148000
20180206_IRT_CellLineComp_17.raw,H3: K56un,2,84614864
20180206_IRT_CellLineComp_18.raw,H3: K56un,2,69171080
20180206_IRT_CellLineComp_01.raw,H3: K56un,3,1733869
20180206_IRT_CellLineComp_02.raw,H3: K56un,3,1594715
20180206_IRT_CellLineComp_03.raw,H3: K56un,3,3358555
20180206_IRT_CellLineComp_04.raw,H3: K56un,3,3334814
20180206_IRT_CellLineComp_06.raw,H3: K56un,3,351190
20180206_IRT_CellLineComp_07.raw,H3: K56un,3,389007
20180206_IRT_CellLineComp_08.raw,H3: K56un,3,603734
20180206_IRT_CellLineComp_09.raw,H3: K56un,3,441058
20180206_IRT_CellLineComp_11.raw,H3: K56un,3,88768
20180206_IRT_CellLineComp_12.raw,H3: K56un,3,414806
20180206_IRT_CellLineComp_13.raw,H3: K56un,3,360362
20180206_IRT_CellLineComp_14.raw,H3: K56un,3,530828
20180206_IRT_CellLineComp_16.raw,H3: K56un,3,390424
20180206_IRT_CellLineComp_17.raw,H3: K56un,3,1042471
20180206_IRT_CellLineComp_18.raw,H3: K56un,3,408833
20180206_IRT_CellLineComp_01.raw,H3: K79ac,2,0
20180206_IRT_CellLineComp_02.raw,H3: K79ac,2,0
20180206_IRT_CellLineComp_03.raw,H3: K79ac,2,0
20180206_IRT_CellLineComp_04.raw,H3: K79ac,2,0
20180206_IRT_CellLineComp_06.raw,H3: K79ac,2,0
20180206_IRT_CellLineComp_07.raw,H3: K79ac,2,0
20180206_IRT_CellLineComp_08.raw,H3: K79ac,2,0
20180206_IRT_CellLineComp_09.raw,H3: K79ac,2,0
20180206_IRT_CellLineComp_11.raw,H3: K79ac,2,0
20180206_IRT_CellLineComp_12.raw,H3: K79ac,2,0
20180206_IRT_CellLineComp_13.raw,H3: K79ac,2,0
20180206_IRT_CellLineComp_14.raw,H3: K79ac,2,0
20180206_IRT_CellLineComp_16.raw,H3: K79ac,2,0
20180206_IRT_CellLineComp_17.raw,H3: K79ac,2,0
20180206_IRT_CellLineComp_18.raw,H3: K79ac,2,0
20180206_IRT_CellLineComp_01.raw,H3: K79me1,2,26113068
20180206_IRT_CellLineComp_02.raw,H3: K79me1,2,29089456
20180206_IRT_CellLineComp_03.raw,H3: K79me1,2,24429386
20180206_IRT_CellLineComp_04.raw,H3: K79me1,2,19383936
20180206_IRT_CellLineComp_06.raw,H3: K79me1,2,0
20180206_IRT_CellLineComp_07.raw,H3: K79me1,2,16895496
20180206_IRT_CellLineComp_08.raw,H3: K79me1,2,19039938
20180206_IRT_CellLineComp_09.raw,H3: K79me1,2,29107
20180206_IRT_CellLineComp_11.raw,H3: K79me1,2,0
20180206_IRT_CellLineComp_12.raw,H3: K79me1,2,114784
20180206_IRT_CellLineComp_13.raw,H3: K79me1,2,0
20180206_IRT_CellLineComp_14.raw,H3: K79me1,2,0
20180206_IRT_CellLineComp_16.raw,H3: K79me1,2,0
20180206_IRT_CellLineComp_17.raw,H3: K79me1,2,0
20180206_IRT_CellLineComp_18.raw,H3: K79me1,2,0
20180206_IRT_CellLineComp_01.raw,H3: K79me1,3,0
20180206_IRT_CellLineComp_02.raw,H3: K79me1,3,37355
20180206_IRT_CellLineComp_03.raw,H3: K79me1,3,21684
20180206_IRT_CellLineComp_04.raw,H3: K79me1,3,121696
20180206_IRT_CellLineComp_06.raw,H3: K79me1,3,32306
20180206_IRT_CellLineComp_07.raw,H3: K79me1,3,41930
20180206_IRT_CellLineComp_08.raw,H3: K79me1,3,75355
20180206_IRT_CellLineComp_09.raw,H3: K79me1,3,648681
20180206_IRT_CellLineComp_11.raw,H3: K79me1,3,313811
20180206_IRT_CellLineComp_12.raw,H3: K79me1,3,3870435
20180206_IRT_CellLineComp_13.raw,H3: K79me1,3,1173037
20180206_IRT_CellLineComp_14.raw,H3: K79me1,3,0
20180206_IRT_CellLineComp_16.raw,H3: K79me1,3,123482
20180206_IRT_CellLineComp_17.raw,H3: K79me1,3,278726
20180206_IRT_CellLineComp_18.raw,H3: K79me1,3,800201
20180206_IRT_CellLineComp_01.raw,H3: K79me2,2,69574768
20180206_IRT_CellLineComp_02.raw,H3: K79me2,2,70475256
20180206_IRT_CellLineComp_03.raw,H3: K79me2,2,103253504
20180206_IRT_CellLineComp_04.raw,H3: K79me2,2,55876404
20180206_IRT_CellLineComp_06.raw,H3: K79me2,2,27726100
20180206_IRT_CellLineComp_07.raw,H3: K79me2,2,89282168
20180206_IRT_CellLineComp_08.raw,H3: K79me2,2,60186632
20180206_IRT_CellLineComp_09.raw,H3: K79me2,2,25477610
20180206_IRT_CellLineComp_11.raw,H3: K79me2,2,69916976
20180206_IRT_CellLineComp_12.raw,H3: K79me2,2,62951656
20180206_IRT_CellLineComp_13.raw,H3: K79me2,2,47997388
20180206_IRT_CellLineComp_14.raw,H3: K79me2,2,53319600
20180206_IRT_CellLineComp_16.raw,H3: K79me2,2,61819856
20180206_IRT_CellLineComp_17.raw,H3: K79me2,2,61877936
20180206_IRT_CellLineComp_18.raw,H3: K79me2,2,86168408
20180206_IRT_CellLineComp_01.raw,H3: K79me2,3,856401
20180206_IRT_CellLineComp_02.raw,H3: K79me2,3,2759496
20180206_IRT_CellLineComp_03.raw,H3: K79me2,3,2087339
20180206_IRT_CellLineComp_04.raw,H3: K79me2,3,584310
20180206_IRT_CellLineComp_06.raw,H3: K79me2,3,600262
20180206_IRT_CellLineComp_07.raw,H3: K79me2,3,2468494
20180206_IRT_CellLineComp_08.raw,H3: K79me2,3,1061612
20180206_IRT_CellLineComp_09.raw,H3: K79me2,3,1012357
20180206_IRT_CellLineComp_11.raw,H3: K79me2,3,614312
20180206_IRT_CellLineComp_12.raw,H3: K79me2,3,1276696
20180206_IRT_CellLineComp_13.raw,H3: K79me2,3,833090
20180206_IRT_CellLineComp_14.raw,H3: K79me2,3,1026637
20180206_IRT_CellLineComp_16.raw,H3: K79me2,3,718280
20180206_IRT_CellLineComp_17.raw,H3: K79me2,3,1598065
20180206_IRT_CellLineComp_18.raw,H3: K79me2,3,1251550
20180206_IRT_CellLineComp_01.raw,H3: K79me3,2,157664
20180206_IRT_CellLineComp_02.raw,H3: K79me3,2,137863
20180206_IRT_CellLineComp_03.raw,H3: K79me3,2,33778
20180206_IRT_CellLineComp_04.raw,H3: K79me3,2,111359
20180206_IRT_CellLineComp_06.raw,H3: K79me3,2,154145
20180206_IRT_CellLineComp_07.raw,H3: K79me3,2,0
20180206_IRT_CellLineComp_08.raw,H3: K79me3,2,58678
20180206_IRT_CellLineComp_09.raw,H3: K79me3,2,0
20180206_IRT_CellLineComp_11.raw,H3: K79me3,2,0
20180206_IRT_CellLineComp_12.raw,H3: K79me3,2,0
20180206_IRT_CellLineComp_13.raw,H3: K79me3,2,0
20180206_IRT_CellLineComp_14.raw,H3: K79me3,2,0
20180206_IRT_CellLineComp_16.raw,H3: K79me3,2,0
20180206_IRT_CellLineComp_17.raw,H3: K79me3,2,31208
20180206_IRT_CellLineComp_18.raw,H3: K79me3,2,40001
20180206_IRT_CellLineComp_01.raw,H3: K79un,2,422990400
20180206_IRT_CellLineComp_02.raw,H3: K79un,2,518789312
20180206_IRT_CellLineComp_03.raw,H3: K79un,2,390957696
20180206_IRT_CellLineComp_04.raw,H3: K79un,2,322880352
20180206_IRT_CellLineComp_06.raw,H3: K79un,2,229790752
20180206_IRT_CellLineComp_07.raw,H3: K79un,2,256080288
20180206_IRT_CellLineComp_08.raw,H3: K79un,2,362319808
20180206_IRT_CellLineComp_09.raw,H3: K79un,2,56835320
20180206_IRT_CellLineComp_11.raw,H3: K79un,2,86982280
20180206_IRT_CellLineComp_12.raw,H3: K79un,2,123436048
20180206_IRT_CellLineComp_13.raw,H3: K79un,2,96071104
20180206_IRT_CellLineComp_14.raw,H3: K79un,2,149961680
20180206_IRT_CellLineComp_16.raw,H3: K79un,2,152628336
20180206_IRT_CellLineComp_17.raw,H3: K79un,2,141217056
20180206_IRT_CellLineComp_18.raw,H3: K79un,2,118906776
20180206_IRT_CellLineComp_01.raw,H3: K79un,3,1340604
20180206_IRT_CellLineComp_02.raw,H3: K79un,3,2259064
20180206_IRT_CellLineComp_03.raw,H3: K79un,3,1640069
20180206_IRT_CellLineComp_04.raw,H3: K79un,3,906874
20180206_IRT_CellLineComp_06.raw,H3: K79un,3,1322852
20180206_IRT_CellLineComp_07.raw,H3: K79un,3,1336103
20180206_IRT_CellLineComp_08.raw,H3: K79un,3,2163265
20180206_IRT_CellLineComp_09.raw,H3: K79un,3,302599
20180206_IRT_CellLineComp_11.raw,H3: K79un,3,852721
20180206_IRT_CellLineComp_12.raw,H3: K79un,3,506976
20180206_IRT_CellLineComp_13.raw,H3: K79un,3,596838
20180206_IRT_CellLineComp_14.raw,H3: K79un,3,295060
20180206_IRT_CellLineComp_16.raw,H3: K79un,3,590802
20180206_IRT_CellLineComp_17.raw,H3: K79un,3,639623
20180206_IRT_CellLineComp_18.raw,H3: K79un,3,168437
20180206_IRT_CellLineComp_01.raw,H3: K9ac K14ac,2,0
20180206_IRT_CellLineComp_02.raw,H3: K9ac K14ac,2,0
20180206_IRT_CellLineComp_03.raw,H3: K9ac K14ac,2,0
20180206_IRT_CellLineComp_04.raw,H3: K9ac K14ac,2,0
20180206_IRT_CellLineComp_06.raw,H3: K9ac K14ac,2,0
20180206_IRT_CellLineComp_07.raw,H3: K9ac K14ac,2,0
20180206_IRT_CellLineComp_08.raw,H3: K9ac K14ac,2,0
20180206_IRT_CellLineComp_09.raw,H3: K9ac K14ac,2,0
20180206_IRT_CellLineComp_11.raw,H3: K9ac K14ac,2,0
20180206_IRT_CellLineComp_12.raw,H3: K9ac K14ac,2,0
20180206_IRT_CellLineComp_13.raw,H3: K9ac K14ac,2,0
20180206_IRT_CellLineComp_14.raw,H3: K9ac K14ac,2,0
20180206_IRT_CellLineComp_16.raw,H3: K9ac K14ac,2,0
20180206_IRT_CellLineComp_17.raw,H3: K9ac K14ac,2,0
20180206_IRT_CellLineComp_18.raw,H3: K9ac K14ac,2,0
20180206_IRT_CellLineComp_01.raw,H3: K9ac K14un,2,0
20180206_IRT_CellLineComp_02.raw,H3: K9ac K14un,2,0
20180206_IRT_CellLineComp_03.raw,H3: K9ac K14un,2,27710
20180206_IRT_CellLineComp_04.raw,H3: K9ac K14un,2,0
20180206_IRT_CellLineComp_06.raw,H3: K9ac K14un,2,0
20180206_IRT_CellLineComp_07.raw,H3: K9ac K14un,2,0
20180206_IRT_CellLineComp_08.raw,H3: K9ac K14un,2,0
20180206_IRT_CellLineComp_09.raw,H3: K9ac K14un,2,0
20180206_IRT_CellLineComp_11.raw,H3: K9ac K14un,2,44124
20180206_IRT_CellLineComp_12.raw,H3: K9ac K14un,2,0
20180206_IRT_CellLineComp_13.raw,H3: K9ac K14un,2,0
20180206_IRT_CellLineComp_14.raw,H3: K9ac K14un,2,6197
20180206_IRT_CellLineComp_16.raw,H3: K9ac K14un,2,0
20180206_IRT_CellLineComp_17.raw,H3: K9ac K14un,2,0
20180206_IRT_CellLineComp_18.raw,H3: K9ac K14un,2,0
20180206_IRT_CellLineComp_01.raw,H3: K9me1 K14ac,2,466590432
20180206_IRT_CellLineComp_02.raw,H3: K9me1 K14ac,2,1316486784
20180206_IRT_CellLineComp_03.raw,H3: K9me1 K14ac,2,762693184
20180206_IRT_CellLineComp_04.raw,H3: K9me1 K14ac,2,1403982720
20180206_IRT_CellLineComp_06.raw,H3: K9me1 K14ac,2,1193106560
20180206_IRT_CellLineComp_07.raw,H3: K9me1 K14ac,2,1419919872
20180206_IRT_CellLineComp_08.raw,H3: K9me1 K14ac,2,1230974848
20180206_IRT_CellLineComp_09.raw,H3: K9me1 K14ac,2,379829312
20180206_IRT_CellLineComp_11.raw,H3: K9me1 K14ac,2,1143986176
20180206_IRT_CellLineComp_12.raw,H3: K9me1 K14ac,2,1119161472
20180206_IRT_CellLineComp_13.raw,H3: K9me1 K14ac,2,926875904
20180206_IRT_CellLineComp_14.raw,H3: K9me1 K14ac,2,1322346496
20180206_IRT_CellLineComp_16.raw,H3: K9me1 K14ac,2,1037388544
20180206_IRT_CellLineComp_17.raw,H3: K9me1 K14ac,2,614558720
20180206_IRT_CellLineComp_18.raw,H3: K9me1 K14ac,2,1968937472
20180206_IRT_CellLineComp_01.raw,H3: K9me1 K14un,2,0
20180206_IRT_CellLineComp_02.raw,H3: K9me1 K14un,2,0
20180206_IRT_CellLineComp_03.raw,H3: K9me1 K14un,2,0
20180206_IRT_CellLineComp_04.raw,H3: K9me1 K14un,2,0
20180206_IRT_CellLineComp_06.raw,H3: K9me1 K14un,2,1845146752
20180206_IRT_CellLineComp_07.raw,H3: K9me1 K14un,2,2080858112
20180206_IRT_CellLineComp_08.raw,H3: K9me1 K14un,2,0
20180206_IRT_CellLineComp_09.raw,H3: K9me1 K14un,2,0
20180206_IRT_CellLineComp_11.raw,H3: K9me1 K14un,2,1856620544
20180206_IRT_CellLineComp_12.raw,H3: K9me1 K14un,2,0
20180206_IRT_CellLineComp_13.raw,H3: K9me1 K14un,2,0
20180206_IRT_CellLineComp_14.raw,H3: K9me1 K14un,2,0
20180206_IRT_CellLineComp_16.raw,H3: K9me1 K14un,2,2067450112
20180206_IRT_CellLineComp_17.raw,H3: K9me1 K14un,2,1562704128
20180206_IRT_CellLineComp_18.raw,H3: K9me1 K14un,2,0
20180206_IRT_CellLineComp_01.raw,H3: K9me2 K14ac,2,1309703040
20180206_IRT_CellLineComp_02.raw,H3: K9me2 K14ac,2,3424021760
20180206_IRT_CellLineComp_03.raw,H3: K9me2 K14ac,2,2930810112
20180206_IRT_CellLineComp_04.raw,H3: K9me2 K14ac,2,4285894144
20180206_IRT_CellLineComp_06.raw,H3: K9me2 K14ac,2,3960257536
20180206_IRT_CellLineComp_07.raw,H3: K9me2 K14ac,2,3498329088
20180206_IRT_CellLineComp_08.raw,H3: K9me2 K14ac,2,3404205568
20180206_IRT_CellLineComp_09.raw,H3: K9me2 K14ac,2,1320679680
20180206_IRT_CellLineComp_11.raw,H3: K9me2 K14ac,2,2004074496
20180206_IRT_CellLineComp_12.raw,H3: K9me2 K14ac,2,3722579968
20180206_IRT_CellLineComp_13.raw,H3: K9me2 K14ac,2,3283972608
20180206_IRT_CellLineComp_14.raw,H3: K9me2 K14ac,2,3983706112
20180206_IRT_CellLineComp_16.raw,H3: K9me2 K14ac,2,2057769728
20180206_IRT_CellLineComp_17.raw,H3: K9me2 K14ac,2,1140790528
20180206_IRT_CellLineComp_18.raw,H3: K9me2 K14ac,2,3650391040
20180206_IRT_CellLineComp_01.raw,H3: K9me2 K14un,2,6352516608
20180206_IRT_CellLineComp_02.raw,H3: K9me2 K14un,2,7222003712
20180206_IRT_CellLineComp_03.raw,H3: K9me2 K14un,2,10319882240
20180206_IRT_CellLineComp_04.raw,H3: K9me2 K14un,2,7727553024
20180206_IRT_CellLineComp_06.raw,H3: K9me2 K14un,2,8267514368
20180206_IRT_CellLineComp_07.raw,H3: K9me2 K14un,2,8454423040
20180206_IRT_CellLineComp_08.raw,H3: K9me2 K14un,2,8307303936
20180206_IRT_CellLineComp_09.raw,H3: K9me2 K14un,2,6415049728
20180206_IRT_CellLineComp_11.raw,H3: K9me2 K14un,2,4618481152
20180206_IRT_CellLineComp_12.raw,H3: K9me2 K14un,2,7409181696
20180206_IRT_CellLineComp_13.raw,H3: K9me2 K14un,2,11159147520
20180206_IRT_CellLineComp_14.raw,H3: K9me2 K14un,2,7033734144
20180206_IRT_CellLineComp_16.raw,H3: K9me2 K14un,2,7371863040
20180206_IRT_CellLineComp_17.raw,H3: K9me2 K14un,2,5661234176
20180206_IRT_CellLineComp_18.raw,H3: K9me2 K14un,2,10190838784
20180206_IRT_CellLineComp_01.raw,H3: K9me3 K14ac,2,702556288
20180206_IRT_CellLineComp_02.raw,H3: K9me3 K14ac,2,1152214400
20180206_IRT_CellLineComp_03.raw,H3: K9me3 K14ac,2,1041301760
20180206_IRT_CellLineComp_04.raw,H3: K9me3 K14ac,2,1836182656
20180206_IRT_CellLineComp_06.raw,H3: K9me3 K14ac,2,1235635840
20180206_IRT_CellLineComp_07.raw,H3: K9me3 K14ac,2,889377536
20180206_IRT_CellLineComp_08.raw,H3: K9me3 K14ac,2,1743859200
20180206_IRT_CellLineComp_09.raw,H3: K9me3 K14ac,2,628122688
20180206_IRT_CellLineComp_11.raw,H3: K9me3 K14ac,2,501791936
20180206_IRT_CellLineComp_12.raw,H3: K9me3 K14ac,2,1279951488
20180206_IRT_CellLineComp_13.raw,H3: K9me3 K14ac,2,1060930752
20180206_IRT_CellLineComp_14.raw,H3: K9me3 K14ac,2,2011798528
20180206_IRT_CellLineComp_16.raw,H3: K9me3 K14ac,2,727612608
20180206_IRT_CellLineComp_17.raw,H3: K9me3 K14ac,2,591439808
20180206_IRT_CellLineComp_18.raw,H3: K9me3 K14ac,2,922104896
20180206_IRT_CellLineComp_01.raw,H3: K9me3 K14un,2,4706300416
20180206_IRT_CellLineComp_02.raw,H3: K9me3 K14un,2,5795342336
20180206_IRT_CellLineComp_03.raw,H3: K9me3 K14un,2,5352677888
20180206_IRT_CellLineComp_04.raw,H3: K9me3 K14un,2,5481340416
20180206_IRT_CellLineComp_06.raw,H3: K9me3 K14un,2,6509650944
20180206_IRT_CellLineComp_07.raw,H3: K9me3 K14un,2,4215276544
20180206_IRT_CellLineComp_08.raw,H3: K9me3 K14un,2,5880274944
20180206_IRT_CellLineComp_09.raw,H3: K9me3 K14un,2,4717183488
20180206_IRT_CellLineComp_11.raw,H3: K9me3 K14un,2,2296486400
20180206_IRT_CellLineComp_12.raw,H3: K9me3 K14un,2,6366777344
20180206_IRT_CellLineComp_13.raw,H3: K9me3 K14un,2,5859407360
20180206_IRT_CellLineComp_14.raw,H3: K9me3 K14un,2,5611084288
20180206_IRT_CellLineComp_16.raw,H3: K9me3 K14un,2,3955047168
20180206_IRT_CellLineComp_17.raw,H3: K9me3 K14un,2,3943437312
20180206_IRT_CellLineComp_18.raw,H3: K9me3 K14un,2,5086336000
20180206_IRT_CellLineComp_01.raw,H3: K9un K14ac,2,608428864
20180206_IRT_CellLineComp_02.raw,H3: K9un K14ac,2,2140804864
20180206_IRT_CellLineComp_03.raw,H3: K9un K14ac,2,1573406208
20180206_IRT_CellLineComp_04.raw,H3: K9un K14ac,2,1621683072
20180206_IRT_CellLineComp_06.raw,H3: K9un K14ac,2,2534488832
20180206_IRT_CellLineComp_07.raw,H3: K9un K14ac,2,2251414016
20180206_IRT_CellLineComp_08.raw,H3: K9un K14ac,2,1777970560
20180206_IRT_CellLineComp_09.raw,H3: K9un K14ac,2,674778624
20180206_IRT_CellLineComp_11.raw,H3: K9un K14ac,2,1603360512
20180206_IRT_CellLineComp_12.raw,H3: K9un K14ac,2,2040682112
20180206_IRT_CellLineComp_13.raw,H3: K9un K14ac,2,1641194880
20180206_IRT_CellLineComp_14.raw,H3: K9un K14ac,2,2440939264
20180206_IRT_CellLineComp_16.raw,H3: K9un K14ac,2,1437218816
20180206_IRT_CellLineComp_17.raw,H3: K9un K14ac,2,645023872
20180206_IRT_CellLineComp_18.raw,H3: K9un K14ac,2,3134817024
20180206_IRT_CellLineComp_01.raw,H3: K9un K14un,2,1802055296
20180206_IRT_CellLineComp_02.raw,H3: K9un K14un,2,3235936256
20180206_IRT_CellLineComp_03.raw,H3: K9un K14un,2,4777860096
20180206_IRT_CellLineComp_04.raw,H3: K9un K14un,2,2785528320
20180206_IRT_CellLineComp_06.raw,H3: K9un K14un,2,3081369344
20180206_IRT_CellLineComp_07.raw,H3: K9un K14un,2,4726069248
20180206_IRT_CellLineComp_08.raw,H3: K9un K14un,2,2924216576
20180206_IRT_CellLineComp_09.raw,H3: K9un K14un,2,1792078976
20180206_IRT_CellLineComp_11.raw,H3: K9un K14un,2,3180557824
20180206_IRT_CellLineComp_12.raw,H3: K9un K14un,2,2981670912
20180206_IRT_CellLineComp_13.raw,H3: K9un K14un,2,4633568256
20180206_IRT_CellLineComp_14.raw,H3: K9un K14un,2,3745672192
20180206_IRT_CellLineComp_16.raw,H3: K9un K14un,2,4008679424
20180206_IRT_CellLineComp_17.raw,H3: K9un K14un,2,2487312640
20180206_IRT_CellLineComp_18.raw,H3: K9un K14un,2,5270305792
20180206_IRT_CellLineComp_01.raw,H3: YRPGTVALR,2,1994592896
20180206_IRT_CellLineComp_02.raw,H3: YRPGTVALR,2,3746018560
20180206_IRT_CellLineComp_03.raw,H3: YRPGTVALR,2,15041648640
20180206_IRT_CellLineComp_04.raw,H3: YRPGTVALR,2,15524704256
20180206_IRT_CellLineComp_06.raw,H3: YRPGTVALR,2,4168996096
20180206_IRT_CellLineComp_07.raw,H3: YRPGTVALR,2,3116671488
20180206_IRT_CellLineComp_08.raw,H3: YRPGTVALR,2,4270496512
20180206_IRT_CellLineComp_09.raw,H3: YRPGTVALR,2,2808981504
20180206_IRT_CellLineComp_11.raw,H3: YRPGTVALR,2,2810880768
20180206_IRT_CellLineComp_12.raw,H3: YRPGTVALR,2,3466566144
20180206_IRT_CellLineComp_13.raw,H3: YRPGTVALR,2,6180080640
20180206_IRT_CellLineComp_14.raw,H3: YRPGTVALR,2,6975646208
20180206_IRT_CellLineComp_16.raw,H3: YRPGTVALR,2,4238303744
20180206_IRT_CellLineComp_17.raw,H3: YRPGTVALR,2,6180448768
20180206_IRT_CellLineComp_18.raw,H3: YRPGTVALR,2,4443341312
20180206_IRT_CellLineComp_01.raw,H4: 1ac,2,3210367
20180206_IRT_CellLineComp_02.raw,H4: 1ac,2,4177835
20180206_IRT_CellLineComp_03.raw,H4: 1ac,2,9860824
20180206_IRT_CellLineComp_04.raw,H4: 1ac,2,17466064
20180206_IRT_CellLineComp_06.raw,H4: 1ac,2,9235748
20180206_IRT_CellLineComp_07.raw,H4: 1ac,2,8379598
20180206_IRT_CellLineComp_08.raw,H4: 1ac,2,6305912
20180206_IRT_CellLineComp_09.raw,H4: 1ac,2,12148044
20180206_IRT_CellLineComp_11.raw,H4: 1ac,2,8923537
20180206_IRT_CellLineComp_12.raw,H4: 1ac,2,8548896
20180206_IRT_CellLineComp_13.raw,H4: 1ac,2,11692387
20180206_IRT_CellLineComp_14.raw,H4: 1ac,2,11798922
20180206_IRT_CellLineComp_16.raw,H4: 1ac,2,13669641
20180206_IRT_CellLineComp_17.raw,H4: 1ac,2,14835184
20180206_IRT_CellLineComp_18.raw,H4: 1ac,2,19013060
20180206_IRT_CellLineComp_01.raw,H4: 1ac,3,2687232
20180206_IRT_CellLineComp_02.raw,H4: 1ac,3,4167658
20180206_IRT_CellLineComp_03.raw,H4: 1ac,3,8921574
20180206_IRT_CellLineComp_04.raw,H4: 1ac,3,20827186
20180206_IRT_CellLineComp_06.raw,H4: 1ac,3,6556998
20180206_IRT_CellLineComp_07.raw,H4: 1ac,3,10905754
20180206_IRT_CellLineComp_08.raw,H4: 1ac,3,7317452
20180206_IRT_CellLineComp_09.raw,H4: 1ac,3,5671751
20180206_IRT_CellLineComp_11.raw,H4: 1ac,3,3248305
20180206_IRT_CellLineComp_12.raw,H4: 1ac,3,4112870
20180206_IRT_CellLineComp_13.raw,H4: 1ac,3,5650475
20180206_IRT_CellLineComp_14.raw,H4: 1ac,3,2236515
20180206_IRT_CellLineComp_16.raw,H4: 1ac,3,8658656
20180206_IRT_CellLineComp_17.raw,H4: 1ac,3,6769009
20180206_IRT_CellLineComp_18.raw,H4: 1ac,3,22899670
20180206_IRT_CellLineComp_01.raw,H4: 2ac,2,1652014
20180206_IRT_CellLineComp_02.raw,H4: 2ac,2,2056320
20180206_IRT_CellLineComp_03.raw,H4: 2ac,2,2430455
20180206_IRT_CellLineComp_04.raw,H4: 2ac,2,3150916
20180206_IRT_CellLineComp_06.raw,H4: 2ac,2,1552926
20180206_IRT_CellLineComp_07.raw,H4: 2ac,2,3051655
20180206_IRT_CellLineComp_08.raw,H4: 2ac,2,1314517
20180206_IRT_CellLineComp_09.raw,H4: 2ac,2,2452241
20180206_IRT_CellLineComp_11.raw,H4: 2ac,2,2432627
20180206_IRT_CellLineComp_12.raw,H4: 2ac,2,698059
20180206_IRT_CellLineComp_13.raw,H4: 2ac,2,2259250
20180206_IRT_CellLineComp_14.raw,H4: 2ac,2,1513701
20180206_IRT_CellLineComp_16.raw,H4: 2ac,2,1423608
20180206_IRT_CellLineComp_17.raw,H4: 2ac,2,5326466
20180206_IRT_CellLineComp_18.raw,H4: 2ac,2,1431407
20180206_IRT_CellLineComp_01.raw,H4: 2ac,3,320899
20180206_IRT_CellLineComp_02.raw,H4: 2ac,3,860778
20180206_IRT_CellLineComp_03.raw,H4: 2ac,3,1752794
20180206_IRT_CellLineComp_04.raw,H4: 2ac,3,268317
20180206_IRT_CellLineComp_06.raw,H4: 2ac,3,0
20180206_IRT_CellLineComp_07.raw,H4: 2ac,3,1211192
20180206_IRT_CellLineComp_08.raw,H4: 2ac,3,282370
20180206_IRT_CellLineComp_09.raw,H4: 2ac,3,82987
20180206_IRT_CellLineComp_11.raw,H4: 2ac,3,0
20180206_IRT_CellLineComp_12.raw,H4: 2ac,3,308816
20180206_IRT_CellLineComp_13.raw,H4: 2ac,3,924015
20180206_IRT_CellLineComp_14.raw,H4: 2ac,3,521848
20180206_IRT_CellLineComp_16.raw,H4: 2ac,3,640203
20180206_IRT_CellLineComp_17.raw,H4: 2ac,3,293508
20180206_IRT_CellLineComp_18.raw,H4: 2ac,3,1475474
20180206_IRT_CellLineComp_01.raw,H4: 3ac,2,0
20180206_IRT_CellLineComp_02.raw,H4: 3ac,2,0
20180206_IRT_CellLineComp_03.raw,H4: 3ac,2,0
20180206_IRT_CellLineComp_04.raw,H4: 3ac,2,133818
20180206_IRT_CellLineComp_06.raw,H4: 3ac,2,0
20180206_IRT_CellLineComp_07.raw,H4: 3ac,2,84954
20180206_IRT_CellLineComp_08.raw,H4: 3ac,2,0
20180206_IRT_CellLineComp_09.raw,H4: 3ac,2,0
20180206_IRT_CellLineComp_11.raw,H4: 3ac,2,0
20180206_IRT_CellLineComp_12.raw,H4: 3ac,2,229065
20180206_IRT_CellLineComp_13.raw,H4: 3ac,2,0
20180206_IRT_CellLineComp_14.raw,H4: 3ac,2,0
20180206_IRT_CellLineComp_16.raw,H4: 3ac,2,0
20180206_IRT_CellLineComp_17.raw,H4: 3ac,2,0
20180206_IRT_CellLineComp_18.raw,H4: 3ac,2,0
20180206_IRT_CellLineComp_01.raw,H4: 3ac,3,144355
20180206_IRT_CellLineComp_02.raw,H4: 3ac,3,88146
20180206_IRT_CellLineComp_03.raw,H4: 3ac,3,328754
20180206_IRT_CellLineComp_04.raw,H4: 3ac,3,1150396
20180206_IRT_CellLineComp_06.raw,H4: 3ac,3,72366
20180206_IRT_CellLineComp_07.raw,H4: 3ac,3,614674
20180206_IRT_CellLineComp_08.raw,H4: 3ac,3,1059677
20180206_IRT_CellLineComp_09.raw,H4: 3ac,3,1032909
20180206_IRT_CellLineComp_11.raw,H4: 3ac,3,419337
20180206_IRT_CellLineComp_12.raw,H4: 3ac,3,480947
20180206_IRT_CellLineComp_13.raw,H4: 3ac,3,135218
20180206_IRT_CellLineComp_14.raw,H4: 3ac,3,1432873
20180206_IRT_CellLineComp_16.raw,H4: 3ac,3,633693
20180206_IRT_CellLineComp_17.raw,H4: 3ac,3,734912
20180206_IRT_CellLineComp_18.raw,H4: 3ac,3,1784169
20180206_IRT_CellLineComp_01.raw,H4: 4ac,2,13669292
20180206_IRT_CellLineComp_02.raw,H4: 4ac,2,44820492
20180206_IRT_CellLineComp_03.raw,H4: 4ac,2,13319069
20180206_IRT_CellLineComp_04.raw,H4: 4ac,2,29497560
20180206_IRT_CellLineComp_06.raw,H4: 4ac,2,73711160
20180206_IRT_CellLineComp_07.raw,H4: 4ac,2,27498938
20180206_IRT_CellLineComp_08.raw,H4: 4ac,2,21658626
20180206_IRT_CellLineComp_09.raw,H4: 4ac,2,15505972
20180206_IRT_CellLineComp_11.raw,H4: 4ac,2,24719676
20180206_IRT_CellLineComp_12.raw,H4: 4ac,2,45315280
20180206_IRT_CellLineComp_13.raw,H4: 4ac,2,17594496
20180206_IRT_CellLineComp_14.raw,H4: 4ac,2,26052036
20180206_IRT_CellLineComp_16.raw,H4: 4ac,2,11142095
20180206_IRT_CellLineComp_17.raw,H4: 4ac,2,21275728
20180206_IRT_CellLineComp_18.raw,H4: 4ac,2,40869872
20180206_IRT_CellLineComp_01.raw,H4: 4ac,3,6516544
20180206_IRT_CellLineComp_02.raw,H4: 4ac,3,35368516
20180206_IRT_CellLineComp_03.raw,H4: 4ac,3,5825091
20180206_IRT_CellLineComp_04.raw,H4: 4ac,3,9750602
20180206_IRT_CellLineComp_06.raw,H4: 4ac,3,35592912
20180206_IRT_CellLineComp_07.raw,H4: 4ac,3,8225764
20180206_IRT_CellLineComp_08.raw,H4: 4ac,3,9541349
20180206_IRT_CellLineComp_09.raw,H4: 4ac,3,6635204
20180206_IRT_CellLineComp_11.raw,H4: 4ac,3,5593864
20180206_IRT_CellLineComp_12.raw,H4: 4ac,3,16846296
20180206_IRT_CellLineComp_13.raw,H4: 4ac,3,4168671
20180206_IRT_CellLineComp_14.raw,H4: 4ac,3,6576336
20180206_IRT_CellLineComp_16.raw,H4: 4ac,3,2375101
20180206_IRT_CellLineComp_17.raw,H4: 4ac,3,12643116
20180206_IRT_CellLineComp_18.raw,H4: 4ac,3,19256862
20180206_IRT_CellLineComp_01.raw,H4: unmodified,2,4303787520
20180206_IRT_CellLineComp_02.raw,H4: unmodified,2,4893181440
20180206_IRT_CellLineComp_03.raw,H4: unmodified,2,7756103680
20180206_IRT_CellLineComp_04.raw,H4: unmodified,2,6193442304
20180206_IRT_CellLineComp_06.raw,H4: unmodified,2,6194411008
20180206_IRT_CellLineComp_07.raw,H4: unmodified,2,7412785152
20180206_IRT_CellLineComp_08.raw,H4: unmodified,2,5560176640
20180206_IRT_CellLineComp_09.raw,H4: unmodified,2,4831611904
20180206_IRT_CellLineComp_11.raw,H4: unmodified,2,6080986112
20180206_IRT_CellLineComp_12.raw,H4: unmodified,2,5352258048
20180206_IRT_CellLineComp_13.raw,H4: unmodified,2,9143374848
20180206_IRT_CellLineComp_14.raw,H4: unmodified,2,6727059456
20180206_IRT_CellLineComp_16.raw,H4: unmodified,2,8174305280
20180206_IRT_CellLineComp_17.raw,H4: unmodified,2,5921602560
20180206_IRT_CellLineComp_18.raw,H4: unmodified,2,9304684544
20180206_IRT_CellLineComp_01.raw,H4: unmodified,3,2237749504
20180206_IRT_CellLineComp_02.raw,H4: unmodified,3,3226411520
20180206_IRT_CellLineComp_03.raw,H4: unmodified,3,5799739904
20180206_IRT_CellLineComp_04.raw,H4: unmodified,3,3109318656
20180206_IRT_CellLineComp_06.raw,H4: unmodified,3,3503032832
20180206_IRT_CellLineComp_07.raw,H4: unmodified,3,5599753728
20180206_IRT_CellLineComp_08.raw,H4: unmodified,3,4766869504
20180206_IRT_CellLineComp_09.raw,H4: unmodified,3,2961057536
20180206_IRT_CellLineComp_11.raw,H4: unmodified,3,1813046016
20180206_IRT_CellLineComp_12.raw,H4: unmodified,3,2002785792
20180206_IRT_CellLineComp_13.raw,H4: unmodified,3,2817352192
20180206_IRT_CellLineComp_14.raw,H4: unmodified,3,2243264256
20180206_IRT_CellLineComp_16.raw,H4: unmodified,3,2834244864
20180206_IRT_CellLineComp_17.raw,H4: unmodified,3,3263592192
20180206_IRT_CellLineComp_18.raw,H4: unmodified,3,6166535168
